#YY,MM,DD,ATMP,WTMP,WVHT
2020.0,1.0,1.0,26.772222222222222,28.212500000000006,1.2458333333333333
2020.0,1.0,2.0,27.189928057553956,28.05416666666667,1.1083333333333334
2020.0,1.0,3.0,26.28472222222222,27.933333333333334,1.2125000000000001
2020.0,1.0,4.0,26.873611111111114,27.754166666666674,1.2916666666666667
2020.0,1.0,5.0,25.072222222222223,27.808333333333334,1.2333333333333334
2020.0,1.0,6.0,24.960416666666667,27.729166666666668,1.0
2020.0,1.0,7.0,26.429861111111112,27.8125,1.3541666666666667
2020.0,1.0,8.0,26.45138888888889,27.916666666666668,1.5916666666666668
2020.0,1.0,9.0,27.11875,27.899999999999995,1.4875
2020.0,1.0,10.0,27.020833333333332,27.683333333333334,2.0875
2020.0,1.0,11.0,27.092361111111114,27.48333333333333,2.558333333333333
2020.0,1.0,12.0,26.585416666666667,27.179166666666664,3.016666666666667
2020.0,1.0,13.0,26.490972222222222,27.28333333333333,3.15
2020.0,1.0,14.0,26.256944444444443,27.42083333333333,2.5458333333333334
2020.0,1.0,15.0,25.515972222222224,27.366666666666664,2.0500000000000003
2020.0,1.0,16.0,26.144444444444446,27.320833333333336,1.6083333333333334
2020.0,1.0,17.0,25.544444444444444,27.325,1.1208333333333333
2020.0,1.0,18.0,26.110416666666666,27.275000000000002,1.3166666666666667
2020.0,1.0,19.0,25.236805555555556,27.1875,3.379166666666667
2020.0,1.0,20.0,25.016666666666666,27.1375,3.1625
2020.0,1.0,21.0,26.206249999999997,27.191666666666663,1.9833333333333332
2020.0,1.0,22.0,25.8125,27.145833333333332,1.0999999999999999
2020.0,1.0,23.0,25.655555555555555,27.100000000000005,0.8541666666666666
2020.0,1.0,24.0,24.834027777777777,27.13333333333333,1.7416666666666665
2020.0,1.0,25.0,24.444444444444443,27.2625,2.0208333333333335
2020.0,1.0,26.0,24.904861111111114,27.195833333333336,1.6708333333333334
2020.0,1.0,27.0,24.71597222222222,27.145833333333332,1.1875
2020.0,1.0,28.0,25.37152777777778,27.237499999999997,1.1666666666666667
2020.0,1.0,29.0,25.991666666666667,27.462499999999995,0.9708333333333334
2020.0,1.0,30.0,26.185416666666665,27.4375,0.7875
2020.0,1.0,31.0,26.065217391304348,27.278260869565216,0.908695652173913
2020.0,2.0,1.0,26.59027777777778,27.3875,0.8833333333333333
2020.0,2.0,2.0,26.095138888888886,27.262500000000003,1.0
2020.0,2.0,3.0,26.200694444444444,27.583333333333332,0.9208333333333333
2020.0,2.0,4.0,26.782638888888886,27.458333333333332,1.2333333333333332
2020.0,2.0,5.0,26.303472222222222,27.204166666666666,1.5
2020.0,2.0,6.0,26.54236111111111,27.137500000000003,1.4166666666666667
2020.0,2.0,7.0,26.387500000000003,27.116666666666664,1.325
2020.0,2.0,8.0,26.50486111111111,27.087500000000002,1.5625
2020.0,2.0,9.0,26.455555555555556,26.879166666666663,1.4124999999999996
2020.0,2.0,10.0,26.304861111111112,26.962499999999995,1.5291666666666668
2020.0,2.0,11.0,26.57361111111111,26.991666666666664,1.5833333333333333
2020.0,2.0,12.0,26.289208633093523,27.004166666666666,1.7583333333333335
2020.0,2.0,13.0,26.44375,26.96666666666667,1.8499999999999999
2020.0,2.0,14.0,26.02777777777778,26.929166666666664,1.6500000000000001
2020.0,2.0,15.0,25.297916666666666,26.879166666666663,1.375
2020.0,2.0,16.0,25.74375,26.8875,1.3916666666666666
2020.0,2.0,17.0,26.047222222222224,26.879166666666666,1.4208333333333334
2020.0,2.0,18.0,25.99513888888889,26.84583333333333,1.6458333333333333
2020.0,2.0,19.0,25.89513888888889,26.8,1.7583333333333335
2020.0,2.0,20.0,25.975694444444443,26.77916666666667,1.4916666666666665
2020.0,2.0,21.0,25.59652777777778,26.754166666666666,1.2
2020.0,2.0,22.0,25.705555555555556,26.974999999999998,0.7416666666666667
2020.0,2.0,23.0,25.615277777777777,27.045833333333334,1.0374999999999999
2020.0,2.0,24.0,24.33263888888889,26.925,2.245833333333333
2020.0,2.0,25.0,24.81736111111111,26.72083333333333,2.2708333333333335
2020.0,2.0,26.0,25.685416666666665,26.604166666666668,1.7458333333333336
2020.0,2.0,27.0,25.427083333333332,26.666666666666668,1.4458333333333335
2020.0,2.0,28.0,25.709027777777777,26.770833333333332,1.2583333333333333
2020.0,2.0,29.0,25.595138888888886,26.825,1.0541666666666665
2020.0,3.0,1.0,25.490277777777777,26.995833333333337,0.9499999999999998
2020.0,3.0,2.0,25.135416666666668,26.979166666666668,1.5833333333333333
2020.0,3.0,3.0,25.477777777777778,26.804166666666664,1.8833333333333337
2020.0,3.0,4.0,26.175694444444446,26.799999999999997,1.6833333333333333
2020.0,3.0,5.0,26.057446808510637,26.766666666666666,1.3708333333333333
2020.0,3.0,6.0,25.674305555555556,26.791666666666668,1.125
2020.0,3.0,7.0,25.66736111111111,26.691666666666663,0.9499999999999998
2020.0,3.0,8.0,25.132638888888888,26.84583333333333,0.8916666666666667
2020.0,3.0,9.0,24.610416666666666,26.866666666666664,3.0750000000000006
2020.0,3.0,10.0,24.80625,26.708333333333332,3.391666666666667
2020.0,3.0,11.0,25.264583333333334,26.625,2.7375000000000003
2020.0,3.0,12.0,26.231944444444444,26.579166666666666,2.066666666666667
2020.0,3.0,13.0,25.820833333333333,26.754166666666666,1.6083333333333334
2020.0,3.0,14.0,25.29861111111111,27.150000000000002,1.3291666666666666
2020.0,3.0,15.0,25.549999999999997,27.10833333333333,1.7541666666666667
2020.0,3.0,16.0,25.280555555555555,26.899999999999995,1.8833333333333337
2020.0,3.0,17.0,25.704166666666666,26.849999999999998,1.6833333333333333
2020.0,3.0,18.0,25.785416666666666,26.78333333333333,1.3208333333333333
2020.0,3.0,19.0,25.927777777777777,26.65833333333333,1.4875
2020.0,3.0,20.0,25.564583333333335,26.5,1.9625000000000001
2020.0,3.0,21.0,25.29513888888889,26.370833333333334,2.45
2020.0,3.0,22.0,25.316666666666666,26.212499999999995,2.0708333333333333
2020.0,3.0,23.0,25.785416666666666,26.09583333333333,1.9625000000000001
2020.0,3.0,24.0,25.521527777777777,25.929166666666664,1.6083333333333334
2020.0,3.0,25.0,25.755555555555556,25.95,1.2208333333333332
2020.0,3.0,26.0,25.495833333333334,26.275000000000002,1.0166666666666666
2020.0,3.0,27.0,24.989583333333332,26.59166666666667,0.9458333333333334
2020.0,3.0,28.0,25.577777777777776,26.787499999999994,0.9458333333333334
2020.0,3.0,29.0,26.356944444444444,26.6375,1.4791666666666667
2020.0,3.0,30.0,25.961111111111112,26.5625,1.3458333333333332
2020.0,3.0,31.0,25.430555555555557,26.6375,1.1125
2020.0,4.0,1.0,25.65972222222222,26.704166666666666,0.9333333333333331
2020.0,4.0,2.0,26.254166666666666,26.770833333333332,0.7791666666666667
2020.0,4.0,3.0,26.429861111111112,26.84583333333333,0.6666666666666666
2020.0,4.0,4.0,26.236805555555556,27.254166666666666,1.6833333333333333
2020.0,4.0,5.0,25.895833333333332,27.22083333333333,1.9708333333333334
2020.0,4.0,6.0,26.47361111111111,27.366666666666664,2.075
2020.0,4.0,7.0,26.533333333333335,26.97083333333333,1.6791666666666665
2020.0,4.0,8.0,25.92013888888889,26.770833333333332,1.3833333333333335
2020.0,4.0,9.0,26.30972222222222,26.84166666666667,1.1624999999999999
2020.0,4.0,10.0,27.17638888888889,27.1125,0.9875000000000002
2020.0,4.0,11.0,27.04861111111111,27.2625,0.7749999999999999
2020.0,4.0,12.0,27.321527777777778,27.495833333333337,0.6708333333333334
2020.0,4.0,13.0,27.245833333333334,27.399999999999995,1.1458333333333333
2020.0,4.0,14.0,26.961111111111112,26.925,1.5958333333333332
2020.0,4.0,15.0,26.68125,26.8125,1.3541666666666667
2020.0,4.0,16.0,26.643749999999997,26.579166666666666,1.3333333333333333
2020.0,4.0,17.0,26.631944444444443,26.77916666666667,1.1125
2020.0,4.0,18.0,26.52638888888889,27.166666666666668,0.9916666666666666
2020.0,4.0,19.0,26.730555555555554,27.3,1.0458333333333334
2020.0,4.0,20.0,26.994444444444444,27.40416666666667,0.9916666666666666
2020.0,4.0,21.0,27.367361111111112,27.133333333333336,0.8166666666666668
2020.0,4.0,22.0,27.397916666666667,27.491666666666664,0.9583333333333334
2020.0,4.0,23.0,27.300694444444446,27.787499999999998,0.775
2020.0,4.0,24.0,27.2875,27.662499999999998,1.0625
2020.0,4.0,25.0,26.99722222222222,27.333333333333332,1.1041666666666667
2020.0,4.0,26.0,27.2125,27.349999999999998,1.1333333333333333
2020.0,4.0,27.0,26.90625,27.40833333333333,1.175
2020.0,4.0,28.0,26.9625,27.583333333333332,0.9833333333333333
2020.0,4.0,29.0,26.97222222222222,27.712499999999995,0.9166666666666666
2020.0,4.0,30.0,26.59097222222222,27.6875,1.0999999999999999
2020.0,5.0,1.0,27.15277777777778,27.47083333333333,1.3
2020.0,5.0,2.0,27.320138888888888,27.333333333333332,1.1958333333333335
2020.0,5.0,3.0,27.004166666666666,27.458333333333332,1.1666666666666667
2020.0,5.0,4.0,27.241666666666667,27.766666666666666,1.0166666666666666
2020.0,5.0,5.0,27.206249999999997,27.837499999999995,0.8958333333333334
2020.0,5.0,6.0,27.949305555555554,27.920833333333334,0.9750000000000001
2020.0,5.0,7.0,28.783333333333335,27.808333333333334,0.9166666666666666
2020.0,5.0,8.0,28.35,27.8875,0.7739130434782608
2020.0,5.0,9.0,27.939583333333335,28.016666666666666,0.8428571428571429
2020.0,5.0,10.0,27.57361111111111,27.850000000000005,1.06
2020.0,5.0,11.0,27.394444444444446,27.52916666666667,1.075
2020.0,5.0,12.0,27.189583333333335,27.46666666666667,0.8
2020.0,5.0,13.0,27.245833333333334,27.72083333333333,1.0294117647058822
2020.0,5.0,14.0,27.4625,27.933333333333334,0.9315789473684212
2020.0,5.0,15.0,27.261805555555554,28.0,1.0750000000000002
2020.0,5.0,16.0,27.749305555555555,27.8625,1.1714285714285713
2020.0,5.0,17.0,27.738194444444446,27.983333333333334,1.0916666666666668
2020.0,5.0,18.0,27.86388888888889,27.974999999999998,1.0444444444444443
2020.0,5.0,19.0,27.640972222222224,27.991666666666664,1.0125
2020.0,5.0,20.0,27.507638888888888,27.90416666666667,0.8916666666666667
2020.0,5.0,21.0,27.83263888888889,28.004166666666666,0.72
2020.0,5.0,22.0,28.352777777777778,28.229166666666668,0.9833333333333335
2020.0,5.0,23.0,28.491666666666667,28.3125,1.1800000000000002
2020.0,5.0,24.0,28.272916666666667,28.4375,1.2
2020.0,5.0,25.0,28.422916666666666,28.370833333333337,1.05
2020.0,5.0,26.0,28.297222222222224,28.40416666666667,0.8333333333333334
2020.0,5.0,27.0,27.62777777777778,28.525000000000002,0.6
2020.0,5.0,28.0,27.108333333333334,28.600000000000005,0.6
2020.0,5.0,29.0,27.55625,28.545833333333334,0.9750000000000001
2020.0,5.0,30.0,28.103472222222223,28.533333333333335,0.9666666666666666
2020.0,5.0,31.0,28.174305555555556,28.55416666666666,1.1
2020.0,6.0,1.0,28.054166666666667,28.3875,0.9333333333333331
2020.0,6.0,2.0,28.060416666666665,28.21666666666667,0.7
2020.0,6.0,3.0,28.19027777777778,28.40833333333333,0.8
2020.0,6.0,4.0,28.330555555555556,28.34583333333333,1.3
2020.0,6.0,5.0,28.15347222222222,27.9875,1.2666666666666666
2020.0,6.0,6.0,27.84097222222222,27.90833333333333,1.1433333333333333
2020.0,6.0,7.0,27.59652777777778,28.083333333333332,1.02
2020.0,6.0,8.0,27.568055555555556,28.3,0.7214285714285715
2020.0,6.0,9.0,27.851388888888888,28.595833333333335,0.5499999999999999
2020.0,6.0,10.0,27.92013888888889,28.833333333333332,0.5
2020.0,6.0,11.0,27.697916666666668,28.89166666666667,0.43333333333333335
2020.0,6.0,12.0,27.572222222222223,28.87083333333333,0.6999999999999998
2020.0,6.0,13.0,28.227083333333333,28.883333333333333,0.75
2020.0,6.0,14.0,28.704166666666666,28.954166666666666,0.8
2020.0,6.0,15.0,28.501388888888886,28.849999999999998,0.9500000000000001
2020.0,6.0,16.0,28.375694444444445,28.808333333333337,0.82
2020.0,6.0,17.0,28.377083333333335,28.6875,1.0
2020.0,6.0,18.0,28.27777777777778,28.599999999999998,1.042857142857143
2020.0,6.0,19.0,28.539583333333333,28.5625,1.02
2020.0,6.0,20.0,28.50069444444445,28.366666666666664,1.05
2020.0,6.0,21.0,28.569444444444443,28.441666666666666,1.05
2020.0,6.0,22.0,28.956249999999997,28.625,1.0166666666666666
2020.0,6.0,23.0,28.988888888888887,28.783333333333335,0.8800000000000001
2020.0,6.0,24.0,28.273611111111112,28.708333333333332,0.8428571428571429
2020.0,6.0,25.0,28.59861111111111,28.62083333333333,1.0666666666666667
2020.0,6.0,26.0,28.685416666666665,28.700000000000003,1.1714285714285715
2020.0,6.0,27.0,28.936111111111114,28.599999999999998,1.1833333333333333
2020.0,6.0,28.0,28.896747967479676,28.804166666666667,1.0
2020.0,6.0,29.0,28.40277777777778,29.0,0.8625
2020.0,6.0,30.0,28.336805555555557,29.025000000000002,0.8357142857142856
2020.0,7.0,1.0,28.659027777777776,29.041666666666668,0.9499999999999998
2020.0,7.0,2.0,28.85107913669065,29.125,1.1529411764705884
2020.0,7.0,3.0,29.09305555555555,29.13333333333334,1.0
2020.0,7.0,4.0,28.946527777777778,29.10833333333333,0.9499999999999998
2020.0,7.0,5.0,28.564583333333335,29.19166666666667,0.8999999999999999
2020.0,7.0,6.0,28.71388888888889,29.149999999999995,1.0999999999999999
2020.0,7.0,7.0,28.640277777777776,29.07916666666667,1.2888888888888888
2020.0,7.0,8.0,28.511805555555554,28.974999999999998,1.355
2020.0,7.0,9.0,28.733333333333334,28.891666666666666,1.1708333333333334
2020.0,7.0,10.0,28.712230215827336,28.958333333333332,1.1555555555555557
2020.0,7.0,11.0,28.65555555555555,28.895833333333332,1.25
2020.0,7.0,12.0,27.691666666666666,28.908333333333335,1.2285714285714284
2020.0,7.0,13.0,28.859722222222224,29.083333333333332,1.1500000000000001
2020.0,7.0,14.0,29.00972222222222,29.016666666666666,1.1333333333333333
2020.0,7.0,15.0,28.75347222222222,29.066666666666663,1.0
2020.0,7.0,16.0,28.271527777777777,28.99166666666666,1.05
2020.0,7.0,17.0,28.430555555555557,28.987499999999997,0.8999999999999999
2020.0,7.0,18.0,28.105555555555554,29.25833333333334,0.76
2020.0,7.0,19.0,28.26111111111111,29.25833333333334,0.8
2020.0,7.0,20.0,28.702083333333334,29.358333333333334,1.0
2020.0,7.0,21.0,28.57222222222222,29.262500000000003,0.9833333333333333
2020.0,7.0,22.0,28.404166666666665,29.23333333333333,1.1800000000000002
2020.0,7.0,23.0,28.489583333333332,29.095833333333335,1.3
2020.0,7.0,24.0,28.406474820143885,28.974999999999998,1.4454545454545453
2020.0,7.0,25.0,29.20902777777778,28.98333333333333,1.5299999999999998
2020.0,7.0,26.0,29.082638888888887,29.099999999999998,1.2833333333333332
2020.0,7.0,27.0,28.811111111111114,29.19166666666667,1.2
2020.0,7.0,28.0,29.038194444444443,29.24583333333333,1.3416666666666666
2020.0,7.0,29.0,28.679166666666667,29.004166666666663,1.911111111111111
2020.0,7.0,30.0,26.970833333333335,28.454166666666666,2.0
2020.0,7.0,31.0,28.313888888888886,28.02916666666667,1.3384615384615384
2020.0,8.0,1.0,28.371631205673758,28.625,1.05
2020.0,8.0,2.0,28.456944444444446,28.887500000000003,0.8333333333333334
2020.0,8.0,3.0,29.25486111111111,29.091666666666665,0.9250000000000002
2020.0,8.0,4.0,29.072916666666668,29.220833333333335,0.9214285714285714
2020.0,8.0,5.0,28.90694444444445,29.1875,0.7916666666666666
2020.0,8.0,6.0,28.715972222222224,29.25833333333334,0.6705882352941176
2020.0,8.0,7.0,28.801388888888887,29.19583333333334,0.7142857142857143
2020.0,8.0,8.0,29.028472222222224,29.17916666666666,0.9714285714285713
2020.0,8.0,9.0,29.13888888888889,29.26666666666667,0.86875
2020.0,8.0,10.0,28.672222222222224,29.216666666666665,0.8999999999999999
2020.0,8.0,11.0,28.58888888888889,29.154166666666665,0.8599999999999999
2020.0,8.0,12.0,28.909027777777776,29.174999999999997,1.0941176470588236
2020.0,8.0,13.0,28.849999999999998,28.912499999999998,1.0555555555555556
2020.0,8.0,14.0,28.690277777777776,29.05416666666666,1.0285714285714287
2020.0,8.0,15.0,28.42158273381295,29.166666666666668,1.11875
2020.0,8.0,16.0,29.097841726618704,29.549999999999997,1.0333333333333332
2020.0,8.0,17.0,29.296527777777776,29.61666666666666,1.2
2020.0,8.0,18.0,29.491666666666667,29.479166666666668,1.15
2020.0,8.0,19.0,29.327777777777776,29.174999999999997,1.1222222222222222
2020.0,8.0,20.0,28.93402777777778,29.020833333333332,1.0944444444444443
2020.0,8.0,21.0,28.68819444444445,29.308333333333337,1.0666666666666667
2020.0,8.0,22.0,27.304166666666667,29.42916666666666,1.0388888888888888
2020.0,8.0,23.0,28.739583333333332,29.0625,1.011111111111111
2020.0,8.0,24.0,27.618055555555557,29.14166666666667,0.9833333333333333
2020.0,8.0,25.0,27.636805555555554,29.183333333333337,0.9555555555555555
2020.0,8.0,26.0,28.869444444444444,29.375,0.9277777777777777
2020.0,8.0,27.0,28.900757575757577,29.47083333333333,0.8999999999999999
2020.0,8.0,28.0,29.35347222222222,29.44583333333334,0.9333333333333332
2020.0,8.0,29.0,29.202083333333334,29.55833333333333,0.9666666666666667
2020.0,8.0,30.0,29.320833333333333,29.604166666666668,1.0
2020.0,8.0,31.0,29.39652777777778,29.462500000000002,1.0166666666666666
2020.0,9.0,1.0,28.556944444444444,29.424999999999997,1.0333333333333334
2020.0,9.0,2.0,29.03055555555555,29.25,1.05
2020.0,9.0,3.0,28.209722222222222,29.25416666666667,1.0666666666666667
2020.0,9.0,4.0,28.510416666666668,29.266666666666666,1.0833333333333335
2020.0,9.0,5.0,29.03758865248227,29.32173913043479,1.1
2020.0,9.0,6.0,28.86111111111111,29.345833333333335,1.0944444444444446
2020.0,9.0,7.0,28.219444444444445,29.408333333333335,1.088888888888889
2020.0,9.0,8.0,27.959722222222222,29.487499999999997,1.0833333333333335
2020.0,9.0,9.0,28.494444444444444,29.50833333333334,1.0777777777777777
2020.0,9.0,10.0,28.717361111111114,29.57083333333334,1.0722222222222222
2020.0,9.0,11.0,28.40232558139535,29.8125,1.0666666666666667
2020.0,9.0,12.0,28.234027777777776,29.89166666666667,1.3583333333333334
2020.0,9.0,13.0,28.63941605839416,29.862499999999997,1.65
2020.0,9.0,14.0,28.90555555555555,29.783333333333335,1.7371052631578947
2020.0,9.0,15.0,29.154166666666665,29.837499999999995,1.8242105263157895
2020.0,9.0,16.0,29.331944444444446,29.845833333333335,1.9113157894736843
2020.0,9.0,17.0,29.358333333333334,29.933333333333337,1.9984210526315789
2020.0,9.0,18.0,29.24513888888889,30.020833333333332,2.0855263157894735
2020.0,9.0,19.0,28.70902777777778,30.137500000000003,2.1726315789473682
2020.0,9.0,20.0,28.349305555555556,30.354166666666668,2.259736842105263
2020.0,9.0,21.0,28.639583333333334,30.275000000000002,2.346842105263158
2020.0,9.0,22.0,28.939583333333335,30.412500000000005,2.4339473684210526
2020.0,9.0,23.0,28.78125,30.200000000000003,2.5210526315789474
2020.0,9.0,24.0,28.09027777777778,29.93333333333333,2.5416666666666665
2020.0,9.0,25.0,28.75347222222222,30.054166666666667,1.9583333333333333
2020.0,9.0,26.0,28.811111111111114,30.104166666666668,1.3041666666666665
2020.0,9.0,27.0,29.10763888888889,30.07083333333334,0.9125000000000001
2020.0,9.0,28.0,28.112499999999997,29.79583333333333,0.9750000000000001
2020.0,9.0,29.0,28.363194444444446,29.662500000000005,1.0791666666666666
2020.0,9.0,30.0,29.008333333333333,29.604166666666668,1.2083333333333333
2020.0,10.0,1.0,28.219444444444445,29.450000000000003,1.3125
2020.0,10.0,2.0,28.221830985915492,29.441666666666663,1.3416666666666668
2020.0,10.0,3.0,27.674999999999997,29.462499999999995,0.9875000000000002
2020.0,10.0,4.0,27.745833333333334,29.516666666666666,0.9083333333333334
2020.0,10.0,5.0,27.569444444444443,29.458333333333332,1.1083333333333334
2020.0,10.0,6.0,27.895833333333332,29.29583333333333,1.1041666666666667
2020.0,10.0,7.0,27.907638888888886,29.4375,0.9708333333333332
2020.0,10.0,8.0,28.03472222222222,29.479166666666668,0.85
2020.0,10.0,9.0,28.09027777777778,29.724999999999998,0.8208333333333333
2020.0,10.0,10.0,28.227777777777778,29.762500000000003,0.7166666666666667
2020.0,10.0,11.0,28.033333333333335,29.658333333333335,0.6625
2020.0,10.0,12.0,28.639583333333334,29.6875,0.85
2020.0,10.0,13.0,27.990972222222222,29.766666666666666,0.875
2020.0,10.0,14.0,27.789583333333333,29.674999999999997,0.6958333333333333
2020.0,10.0,15.0,27.855555555555554,29.6875,0.6375
2020.0,10.0,16.0,27.856944444444444,29.57916666666667,0.9958333333333333
2020.0,10.0,17.0,27.572222222222223,29.474999999999998,0.8708333333333332
2020.0,10.0,18.0,27.669444444444444,29.55416666666666,0.75
2020.0,10.0,19.0,27.542424242424243,29.74090909090909,0.6863636363636363
2020.0,10.0,20.0,27.955223880597014,29.708333333333332,1.5375000000000003
2020.0,10.0,21.0,27.71388888888889,29.716666666666665,2.4458333333333333
2020.0,10.0,22.0,28.75069444444445,29.566666666666677,2.5458333333333334
2020.0,10.0,23.0,28.75069444444445,29.549999999999997,1.5374999999999999
2020.0,10.0,24.0,29.15694444444445,29.50833333333334,1.2166666666666666
2020.0,10.0,25.0,28.813888888888886,29.391666666666666,1.2166666666666666
2020.0,10.0,26.0,28.87569444444445,29.32916666666667,1.7875000000000003
2020.0,10.0,27.0,28.345833333333335,29.279166666666665,1.675
2020.0,10.0,28.0,28.64087591240876,29.254166666666663,1.6791666666666667
2020.0,10.0,29.0,27.20486111111111,29.024999999999995,1.5416666666666667
2020.0,10.0,30.0,28.625,28.85833333333333,1.5125
2020.0,10.0,31.0,28.73680555555556,28.98333333333333,1.4333333333333333
2020.0,11.0,1.0,28.422916666666666,28.9375,1.3999999999999997
2020.0,11.0,2.0,27.816666666666666,28.966666666666665,1.425
2020.0,11.0,3.0,28.456944444444446,29.00833333333334,1.4708333333333332
2020.0,11.0,4.0,28.04236111111111,29.00833333333334,1.2916666666666665
2020.0,11.0,5.0,27.42608695652174,29.03333333333333,1.8874999999999997
2020.0,11.0,6.0,27.360869565217392,28.979166666666668,1.4875
2020.0,11.0,7.0,27.62013888888889,28.93333333333333,1.4124999999999999
2020.0,11.0,8.0,27.185185185185187,28.933333333333326,1.3500000000000003
2020.0,11.0,9.0,26.863194444444446,28.849999999999998,1.4583333333333333
2020.0,11.0,10.0,26.509722222222223,28.799999999999997,1.9249999999999998
2020.0,11.0,11.0,26.029861111111114,28.80416666666666,2.0083333333333333
2020.0,11.0,12.0,26.350694444444443,28.729166666666668,1.7041666666666666
2020.0,11.0,13.0,27.87857142857143,28.678571428571427,1.8499999999999996
2020.0,11.0,14.0,27.421527777777776,28.62916666666667,1.6708333333333334
2020.0,11.0,15.0,27.62777777777778,28.616666666666667,1.5458333333333334
2020.0,11.0,16.0,27.248611111111114,28.537499999999998,1.2874999999999999
2020.0,11.0,17.0,27.068055555555556,28.483333333333334,1.3041666666666665
2020.0,11.0,18.0,27.214583333333334,28.479166666666668,1.0750000000000002
2020.0,11.0,19.0,27.255555555555556,28.504166666666663,0.9541666666666667
2020.0,11.0,20.0,27.677777777777777,28.433333333333334,1.4958333333333333
2020.0,11.0,21.0,27.1875,28.40416666666667,1.8958333333333333
2020.0,11.0,22.0,26.59652777777778,28.40833333333333,1.6291666666666667
2020.0,11.0,23.0,26.681944444444444,28.416666666666668,1.3291666666666666
2020.0,11.0,24.0,26.632638888888888,28.32916666666667,1.1208333333333333
2020.0,11.0,25.0,25.606944444444444,28.258333333333336,1.0374999999999999
2020.0,11.0,26.0,26.790277777777778,28.36666666666667,1.8041666666666663
2020.0,11.0,27.0,26.594444444444445,28.54583333333333,1.7625
2020.0,11.0,28.0,25.92013888888889,28.60833333333333,1.7083333333333333
2020.0,11.0,29.0,26.8125,28.549999999999997,1.4041666666666668
2020.0,11.0,30.0,26.71597222222222,28.44583333333334,1.1375
2020.0,12.0,1.0,26.40625,28.38333333333333,1.0333333333333332
2020.0,12.0,2.0,26.225694444444443,28.40833333333333,1.0333333333333334
2020.0,12.0,3.0,26.446527777777778,28.27916666666667,1.2541666666666667
2020.0,12.0,4.0,26.943055555555556,28.129166666666666,1.5666666666666667
2020.0,12.0,5.0,25.760416666666668,27.983333333333334,1.4416666666666667
2020.0,12.0,6.0,25.530555555555555,27.924999999999997,1.275
2020.0,12.0,7.0,25.693805309734515,27.954166666666666,1.241666666666667
2020.0,12.0,8.0,26.870833333333334,27.962499999999995,0.9708333333333332
2020.0,12.0,9.0,26.427777777777777,28.00833333333333,0.8000000000000002
2020.0,12.0,10.0,26.675694444444446,28.150000000000002,1.25
2020.0,12.0,11.0,26.325000000000003,28.020833333333332,1.3958333333333333
2020.0,12.0,12.0,26.29513888888889,27.833333333333332,1.3333333333333333
2020.0,12.0,13.0,26.683333333333334,27.899999999999995,1.3208333333333335
2020.0,12.0,14.0,26.679166666666667,27.974999999999998,1.4958333333333333
2020.0,12.0,15.0,26.964748201438848,27.954166666666666,1.452941176470588
2020.0,12.0,16.0,26.688194444444445,27.908333333333335,1.5182093425605534
2020.0,12.0,17.0,26.424305555555556,27.85833333333333,1.5834775086505188
2020.0,12.0,18.0,26.693055555555556,27.84583333333333,1.6487456747404843
2020.0,12.0,19.0,27.049999999999997,27.816666666666666,1.7140138408304497
2020.0,12.0,20.0,26.908333333333335,27.85833333333333,1.7792820069204152
2020.0,12.0,21.0,26.68402777777778,27.929166666666664,1.8445501730103804
2020.0,12.0,22.0,27.302083333333332,27.962500000000002,1.9098183391003458
2020.0,12.0,23.0,26.9625,27.900000000000002,1.9750865051903113
2020.0,12.0,24.0,26.510416666666668,27.775000000000002,2.0403546712802765
2020.0,12.0,25.0,26.290972222222223,27.53333333333333,2.105622837370242
2020.0,12.0,26.0,26.018055555555556,27.7,2.1708910034602074
2020.0,12.0,27.0,25.761805555555554,27.866666666666664,2.236159169550173
2020.0,12.0,28.0,25.879166666666666,27.866666666666664,2.3014273356401382
2020.0,12.0,29.0,26.085416666666667,27.891666666666666,2.3666955017301037
2020.0,12.0,30.0,26.530555555555555,27.691666666666663,2.431963667820069
2020.0,12.0,31.0,26.727777777777778,27.40833333333333,2.4972318339100346
2021.0,1.0,1.0,26.52777777777778,26.891666666666666,2.5625
2021.0,1.0,2.0,25.69861111111111,26.491666666666664,2.379166666666667
2021.0,1.0,3.0,26.331249999999997,26.65833333333333,2.2083333333333335
2021.0,1.0,4.0,26.175694444444446,27.320833333333336,1.6666666666666667
2021.0,1.0,5.0,24.890972222222224,27.25,1.366666666666667
2021.0,1.0,6.0,25.171527777777776,27.2625,1.1624999999999999
2021.0,1.0,7.0,25.347916666666666,27.27916666666667,1.1
2021.0,1.0,8.0,25.980575539568346,27.216666666666665,1.3208333333333335
2021.0,1.0,9.0,25.663888888888888,27.120833333333337,1.375
2021.0,1.0,10.0,25.858333333333334,27.075,1.2416666666666667
2021.0,1.0,11.0,26.546527777777776,27.120833333333334,1.3291666666666666
2021.0,1.0,12.0,26.429166666666667,27.100000000000005,1.554166666666667
2021.0,1.0,13.0,26.327777777777776,27.03333333333333,1.3833333333333335
2021.0,1.0,14.0,26.218055555555555,27.0,1.1166666666666667
2021.0,1.0,15.0,25.680555555555557,27.03333333333333,0.8250000000000001
2021.0,1.0,16.0,25.968055555555555,27.058333333333337,0.75
2021.0,1.0,17.0,25.331249999999997,27.09583333333333,0.6958333333333333
2021.0,1.0,18.0,25.711111111111112,27.083333333333332,0.9083333333333332
2021.0,1.0,19.0,26.234722222222224,26.975000000000005,1.3833333333333335
2021.0,1.0,20.0,26.02013888888889,26.904166666666665,1.3041666666666667
2021.0,1.0,21.0,25.484027777777776,26.954166666666666,1.0875000000000001
2021.0,1.0,22.0,25.570138888888888,27.05,1.0208333333333333
2021.0,1.0,23.0,25.661805555555556,27.099999999999998,1.3208333333333333
2021.0,1.0,24.0,25.834722222222222,27.191666666666666,1.1500000000000001
2021.0,1.0,25.0,26.063888888888886,27.145833333333332,1.1125
2021.0,1.0,26.0,25.925362318840577,27.030434782608697,1.539130434782609
2021.0,1.0,27.0,25.90138888888889,26.879166666666663,1.8250000000000002
2021.0,1.0,28.0,26.085416666666667,26.829166666666666,1.3291666666666666
2021.0,1.0,29.0,25.369444444444444,26.96666666666667,0.9624999999999999
2021.0,1.0,30.0,25.297916666666666,26.945833333333336,2.045833333333333
2021.0,1.0,31.0,25.266666666666666,26.7625,3.2999999999999994
2021.0,2.0,1.0,26.252083333333335,26.6875,2.858333333333333
2021.0,2.0,2.0,26.704166666666666,26.787500000000005,1.7166666666666668
2021.0,2.0,3.0,26.18472222222222,26.854166666666668,1.2416666666666665
2021.0,2.0,4.0,25.397222222222222,26.962500000000002,2.0208333333333335
2021.0,2.0,5.0,25.494444444444444,26.975000000000005,1.6624999999999999
2021.0,2.0,6.0,26.24722222222222,26.900000000000002,1.425
2021.0,2.0,7.0,26.00277777777778,26.78333333333333,1.4624999999999997
2021.0,2.0,8.0,25.726388888888888,26.7,1.2416666666666665
2021.0,2.0,9.0,25.931944444444444,26.650000000000002,1.425
2021.0,2.0,10.0,25.40625,26.6125,1.3458333333333332
2021.0,2.0,11.0,25.74722222222222,26.645833333333332,1.504166666666667
2021.0,2.0,12.0,25.211805555555557,26.5625,1.5083333333333335
2021.0,2.0,13.0,25.99375,26.525000000000002,1.3875
2021.0,2.0,14.0,25.734722222222224,26.52916666666667,1.5
2021.0,2.0,15.0,25.802777777777777,26.51666666666667,1.6583333333333332
2021.0,2.0,16.0,26.10763888888889,26.48333333333333,1.6083333333333334
2021.0,2.0,17.0,25.5375,26.458333333333332,1.75
2021.0,2.0,18.0,26.052777777777777,26.354166666666668,1.9208333333333334
2021.0,2.0,19.0,25.820833333333333,26.3125,1.7083333333333333
2021.0,2.0,20.0,25.316083916083915,26.412499999999998,1.3499999999999999
2021.0,2.0,21.0,25.327777777777776,26.604166666666668,1.05
2021.0,2.0,22.0,25.81875,26.604166666666668,1.2874999999999999
2021.0,2.0,23.0,25.791666666666668,26.504166666666666,2.0500000000000003
2021.0,2.0,24.0,25.821014492753626,26.473913043478266,1.691304347826087
2021.0,2.0,25.0,26.00277777777778,26.429166666666664,1.4041666666666668
2021.0,2.0,26.0,25.891666666666666,26.308333333333334,1.4208333333333332
2021.0,2.0,27.0,25.350694444444443,26.216666666666665,1.675
2021.0,2.0,28.0,25.700000000000003,26.075000000000003,2.1041666666666665
2021.0,3.0,1.0,25.147916666666667,25.925,1.9916666666666663
2021.0,3.0,2.0,25.290977443609023,25.941666666666663,1.75
2021.0,3.0,3.0,25.41726618705036,25.912499999999998,1.3583333333333334
2021.0,3.0,4.0,24.641573033707864,25.92142857142857,0.9642857142857143
2021.0,3.0,5.0,25.71388888888889,26.287500000000005,1.05
2021.0,3.0,6.0,25.987499999999997,26.42083333333333,0.8791666666666668
2021.0,3.0,7.0,26.51691176470588,26.412499999999998,0.9375
2021.0,3.0,8.0,25.938194444444445,26.541666666666668,0.9249999999999999
2021.0,3.0,9.0,25.938888888888886,26.658333333333335,1.175
2021.0,3.0,10.0,25.642657342657344,26.391666666666666,2.2625
2021.0,3.0,11.0,25.634,26.291666666666664,1.941666666666667
2021.0,3.0,12.0,25.51641791044776,26.316666666666666,1.8458333333333332
2021.0,3.0,13.0,24.500735294117646,26.44583333333333,1.8666666666666663
2021.0,3.0,14.0,25.508196721311478,26.679166666666664,1.554166666666667
2021.0,3.0,15.0,25.27202797202797,26.629166666666663,1.2875
2021.0,3.0,16.0,25.40935251798561,26.545833333333334,1.2291666666666667
2021.0,3.0,17.0,25.288888888888888,26.337499999999995,2.0875
2021.0,3.0,18.0,25.28368794326241,26.100000000000005,2.3625000000000003
2021.0,3.0,19.0,25.520833333333332,26.045833333333334,1.8125
2021.0,3.0,20.0,25.538194444444443,26.05,1.45
2021.0,3.0,21.0,25.266666666666666,25.991666666666664,1.3958333333333333
2021.0,3.0,22.0,25.433333333333334,26.058333333333337,1.4666666666666668
2021.0,3.0,23.0,25.571527777777778,26.179166666666664,1.3583333333333334
2021.0,3.0,24.0,25.51860465116279,26.366666666666664,1.0958333333333334
2021.0,3.0,25.0,25.654477611940298,26.3875,1.0083333333333333
2021.0,3.0,26.0,25.741666666666667,26.34583333333333,1.2333333333333334
2021.0,3.0,27.0,25.75486111111111,26.2375,1.3374999999999997
2021.0,3.0,28.0,25.740277777777777,26.1875,1.5666666666666667
2021.0,3.0,29.0,25.793750000000003,26.15416666666667,1.6166666666666665
2021.0,3.0,30.0,26.03402777777778,26.195833333333336,1.5625
2021.0,3.0,31.0,25.821969696969695,26.224999999999998,1.7666666666666666
2021.0,4.0,1.0,25.825000000000003,26.166666666666668,1.7166666666666666
2021.0,4.0,2.0,24.937323943661973,26.1125,1.4083333333333334
2021.0,4.0,3.0,26.051639344262295,26.266666666666666,1.0875000000000001
2021.0,4.0,4.0,25.92361111111111,26.333333333333332,1.0250000000000001
2021.0,4.0,5.0,25.819444444444443,26.579166666666666,1.8375000000000001
2021.0,4.0,6.0,25.58102189781022,26.875,1.8999999999999997
2021.0,4.0,7.0,25.191666666666666,26.7375,1.5041666666666664
2021.0,4.0,8.0,25.317021276595746,26.595833333333335,1.2875
2021.0,4.0,9.0,25.13,26.520833333333332,1.3
2021.0,4.0,10.0,25.06159420289855,26.429166666666664,1.5208333333333333
2021.0,4.0,11.0,24.870588235294118,26.42727272727273,1.4363636363636365
2021.0,4.0,12.0,25.1632,26.36086956521739,1.691304347826087
2021.0,4.0,13.0,25.698400000000003,26.570833333333336,1.3374999999999997
2021.0,4.0,14.0,25.82272727272727,26.919047619047618,0.7
2021.0,4.0,15.0,25.53146853146853,27.016666666666666,0.7541666666666668
2021.0,4.0,16.0,25.356,26.975000000000005,1.2666666666666666
2021.0,4.0,17.0,27.7128,27.045833333333334,1.2708333333333333
2021.0,4.0,18.0,27.228,26.77916666666667,0.9916666666666668
2021.0,4.0,19.0,26.74722222222222,26.891666666666666,0.7416666666666666
2021.0,4.0,20.0,26.454135338345864,26.995833333333334,0.8291666666666666
2021.0,4.0,21.0,26.288636363636364,26.754166666666663,0.9333333333333331
2021.0,4.0,22.0,26.252032520325205,26.675,0.9708333333333332
2021.0,4.0,23.0,26.212698412698412,26.733333333333334,0.9041666666666668
2021.0,4.0,24.0,26.34330708661417,26.84166666666667,0.9125000000000001
2021.0,4.0,25.0,26.157031250000003,26.80416666666667,1.0125
2021.0,4.0,26.0,26.174436090225566,26.912499999999998,1.0250000000000001
2021.0,4.0,27.0,26.19911504424779,27.004166666666666,0.9416666666666669
2021.0,4.0,28.0,25.340625000000003,27.075000000000003,0.9208333333333333
2021.0,4.0,29.0,25.41029411764706,26.999999999999996,1.0791666666666666
2021.0,4.0,30.0,25.681147540983606,26.879166666666663,1.1208333333333333
2021.0,5.0,1.0,25.9104,26.9375,0.9291666666666666
2021.0,5.0,2.0,26.227586206896554,26.979166666666668,0.8250000000000001
2021.0,5.0,3.0,26.107017543859648,27.058333333333337,0.9166666666666666
2021.0,5.0,4.0,26.33801652892562,26.9375,1.2708333333333333
2021.0,5.0,5.0,26.35227272727273,26.77916666666667,1.1124999999999998
2021.0,5.0,6.0,26.301438848920863,26.704166666666666,0.9416666666666669
2021.0,5.0,7.0,26.303100775193798,26.729166666666668,0.9541666666666667
2021.0,5.0,8.0,26.064393939393938,26.920833333333334,0.85
2021.0,5.0,9.0,26.517391304347825,27.058333333333334,0.8958333333333334
2021.0,5.0,10.0,26.41764705882353,26.979166666666668,1.0666666666666667
2021.0,5.0,11.0,26.43472222222222,26.741666666666664,1.1791666666666665
2021.0,5.0,12.0,26.464925373134328,26.691666666666663,1.1416666666666668
2021.0,5.0,13.0,26.379838709677422,26.616666666666664,1.175
2021.0,5.0,14.0,25.86842105263158,26.626315789473683,1.0368421052631578
2021.0,5.0,17.0,30.475,26.0,1.0666666666666667
2021.0,5.0,18.0,29.3,28.9,0.5333333333333333
2021.0,5.0,19.0,28.28125,27.8,0.0
2021.0,5.0,20.0,29.51857142857143,27.535000000000004,0.0
2021.0,5.0,21.0,27.986231884057972,27.617391304347827,0.0
2021.0,5.0,22.0,28.218055555555555,27.833333333333332,0.0
2021.0,5.0,23.0,26.119718309859156,25.72083333333333,0.0
2021.0,5.0,24.0,26.51372549019608,26.383333333333336,0.0
2021.0,5.0,28.0,27.45172413793103,28.0375,0.925
2021.0,5.0,29.0,26.791743119266055,27.758333333333336,0.8791666666666668
2021.0,5.0,30.0,27.492622950819673,27.71666666666667,0.9375
2021.0,5.0,31.0,26.860416666666666,27.65416666666667,1.0416666666666667
2021.0,6.0,1.0,27.108333333333334,27.604166666666668,1.2291666666666667
2021.0,6.0,2.0,27.147916666666667,27.508333333333336,1.2375
2021.0,6.0,3.0,27.122916666666665,27.474999999999998,1.2333333333333334
2021.0,6.0,4.0,27.154761904761905,27.50952380952381,1.3857142857142857
2021.0,6.0,5.0,26.697916666666668,27.554166666666664,1.5875000000000001
2021.0,6.0,6.0,26.961111111111112,27.39583333333333,1.5208333333333333
2021.0,6.0,7.0,26.853472222222223,27.175,1.4458333333333335
2021.0,6.0,8.0,26.59722222222222,27.15416666666667,1.4750000000000003
2021.0,6.0,9.0,26.210416666666667,27.3,1.2333333333333334
2021.0,6.0,10.0,25.515277777777776,27.379166666666663,0.9624999999999999
2021.0,6.0,11.0,26.734722222222224,27.5,0.8041666666666667
2021.0,6.0,12.0,26.856250000000003,27.641666666666666,0.7291666666666666
2021.0,6.0,13.0,27.259722222222223,27.833333333333332,0.6833333333333332
2021.0,6.0,14.0,27.545833333333334,27.900000000000002,0.9041666666666666
2021.0,6.0,15.0,27.729166666666668,27.8875,1.075
2021.0,6.0,16.0,27.66304347826087,27.608695652173914,1.208695652173913
2021.0,6.0,17.0,27.540277777777778,27.758333333333336,1.2833333333333334
2021.0,6.0,18.0,27.447222222222223,27.791666666666668,1.2249999999999999
2021.0,6.0,19.0,27.70138888888889,27.858333333333334,1.1208333333333333
2021.0,6.0,20.0,27.4625,28.15416666666667,1.1625
2021.0,6.0,21.0,27.647916666666667,28.254166666666666,1.3291666666666666
2021.0,6.0,22.0,27.303472222222222,28.195833333333336,1.2416666666666665
2021.0,6.0,23.0,27.602083333333333,28.175,1.2916666666666667
2021.0,6.0,24.0,27.51736111111111,28.225000000000005,1.2166666666666666
2021.0,6.0,25.0,27.231250000000003,28.337500000000002,1.0333333333333334
2021.0,6.0,26.0,27.430555555555557,28.412499999999998,0.8874999999999998
2021.0,6.0,27.0,26.865972222222222,28.354166666666668,0.8916666666666667
2021.0,6.0,28.0,27.502083333333335,28.325,0.9791666666666666
2021.0,6.0,29.0,27.584027777777777,28.337500000000002,0.9958333333333331
2021.0,6.0,30.0,27.666666666666668,28.34583333333333,1.0875000000000001
2021.0,7.0,1.0,27.84097222222222,28.308333333333337,1.3458333333333332
2021.0,7.0,2.0,28.158333333333335,28.1375,1.3875000000000002
2021.0,7.0,3.0,29.006249999999998,27.96666666666667,1.4000000000000001
2021.0,7.0,4.0,27.82986111111111,27.84166666666667,1.1375
2021.0,7.0,5.0,27.64513888888889,28.016666666666666,1.0541666666666667
2021.0,7.0,6.0,27.749305555555555,28.204166666666666,1.1333333333333335
2021.0,7.0,7.0,28.06527777777778,28.287499999999998,1.3791666666666664
2021.0,7.0,8.0,28.158333333333335,28.370833333333337,1.3624999999999998
2021.0,7.0,9.0,27.950000000000003,28.245833333333337,1.3875
2021.0,7.0,10.0,27.511805555555554,28.15833333333333,1.3166666666666667
2021.0,7.0,11.0,27.764583333333334,28.004166666666666,1.3291666666666666
2021.0,7.0,12.0,28.06597222222222,27.924999999999997,1.4124999999999999
2021.0,7.0,13.0,27.924305555555556,28.17916666666667,1.2208333333333332
2021.0,7.0,14.0,27.092361111111114,28.179166666666664,1.0041666666666667
2021.0,7.0,15.0,26.679166666666667,28.191666666666663,0.8541666666666666
2021.0,7.0,16.0,27.553472222222222,28.275000000000002,0.9791666666666666
2021.0,7.0,17.0,27.8125,28.391666666666666,0.9500000000000001
2021.0,7.0,18.0,27.799305555555556,28.4375,1.1083333333333334
2021.0,7.0,19.0,28.019444444444446,28.262500000000003,1.1666666666666667
2021.0,7.0,20.0,27.944444444444443,28.004166666666666,1.05
2021.0,7.0,21.0,27.977083333333333,28.166666666666668,0.9041666666666668
2021.0,7.0,22.0,27.77847222222222,28.150000000000002,1.0458333333333334
2021.0,7.0,23.0,27.84652777777778,28.116666666666664,1.1458333333333333
2021.0,7.0,24.0,26.876388888888886,27.933333333333337,1.3583333333333334
2021.0,7.0,25.0,27.37777777777778,27.84166666666667,1.0125
2021.0,7.0,26.0,27.477777777777778,28.02916666666667,1.0958333333333334
2021.0,7.0,27.0,27.945138888888888,28.11666666666667,1.0374999999999999
2021.0,7.0,28.0,27.433333333333334,28.229166666666668,0.9916666666666666
2021.0,7.0,29.0,27.547222222222224,28.195833333333336,1.1166666666666667
2021.0,7.0,30.0,27.888194444444444,28.133333333333336,1.0041666666666667
2021.0,7.0,31.0,27.986805555555556,28.083333333333332,1.05
2021.0,8.0,1.0,28.010416666666668,28.1375,0.9624999999999999
2021.0,8.0,2.0,27.720833333333335,28.212499999999995,0.7583333333333333
2021.0,8.0,3.0,27.200000000000003,28.40416666666667,0.9375
2021.0,8.0,4.0,27.49014084507042,28.504347826086956,1.0956521739130434
2021.0,8.0,5.0,27.798540145985402,28.633333333333336,1.0458333333333334
2021.0,8.0,6.0,28.237062937062937,28.75416666666667,0.8916666666666667
2021.0,8.0,7.0,28.102083333333333,28.81666666666667,0.8666666666666667
2021.0,8.0,8.0,27.970833333333335,28.741666666666667,0.9541666666666667
2021.0,8.0,9.0,27.924999999999997,28.483333333333334,1.0625
2021.0,8.0,10.0,27.700000000000003,28.462499999999995,1.1291666666666667
2021.0,8.0,11.0,27.88125,28.27916666666667,1.2249999999999999
2021.0,8.0,12.0,28.075000000000003,28.22083333333333,1.2249999999999999
2021.0,8.0,13.0,28.084722222222222,28.333333333333332,1.3583333333333332
2021.0,8.0,14.0,28.206249999999997,28.608333333333334,1.2083333333333333
2021.0,8.0,15.0,27.46597222222222,28.63333333333334,1.4833333333333334
2021.0,8.0,16.0,27.80902777777778,28.2625,0.9583333333333334
2021.0,8.0,17.0,28.00277777777778,28.27916666666667,0.8125
2021.0,8.0,18.0,28.206293706293707,28.616666666666664,0.9166666666666667
2021.0,8.0,19.0,28.37152777777778,28.875,1.0583333333333333
2021.0,8.0,20.0,28.55763888888889,28.858333333333334,1.3375000000000001
2021.0,8.0,21.0,28.505555555555556,28.8125,1.0791666666666666
2021.0,8.0,22.0,28.506944444444443,28.545833333333334,1.3791666666666664
2021.0,8.0,23.0,28.450000000000003,28.40416666666667,1.4958333333333333
2021.0,8.0,24.0,28.30763888888889,28.308333333333337,1.2916666666666667
2021.0,8.0,25.0,28.093055555555555,28.245833333333334,0.9791666666666666
2021.0,8.0,26.0,28.03472222222222,28.375,0.8708333333333332
2021.0,8.0,27.0,28.245833333333334,28.545833333333334,0.9500000000000001
2021.0,8.0,28.0,28.564583333333335,28.737499999999997,1.1416666666666666
2021.0,8.0,29.0,28.490972222222222,28.854166666666668,0.8791666666666668
2021.0,8.0,30.0,28.197222222222223,29.045833333333334,0.6458333333333334
2021.0,8.0,31.0,27.69290780141844,29.392,0.4875
2021.0,9.0,1.0,27.617361111111112,29.55416666666666,0.5791666666666666
2021.0,9.0,2.0,27.92962962962963,29.570833333333336,0.7333333333333333
2021.0,9.0,3.0,28.56736111111111,29.591666666666665,0.85
2021.0,9.0,4.0,28.876388888888886,29.408333333333335,0.9249999999999999
2021.0,9.0,5.0,28.652845528455288,29.221739130434784,0.8521739130434783
2021.0,9.0,6.0,28.772222222222222,29.25416666666667,1.0208333333333333
2021.0,9.0,7.0,28.76319444444444,29.349999999999998,1.125
2021.0,9.0,8.0,28.71111111111111,29.345833333333335,1.4124999999999999
2021.0,9.0,9.0,28.50416666666667,29.404166666666665,1.2291666666666667
2021.0,9.0,10.0,28.48611111111111,29.50833333333334,1.1166666666666667
2021.0,9.0,11.0,28.21818181818182,29.35833333333333,1.05
2021.0,9.0,12.0,27.877083333333335,29.020833333333332,1.2625
2021.0,9.0,13.0,27.814583333333335,28.883333333333333,1.1291666666666667
2021.0,9.0,14.0,27.961805555555557,29.120833333333337,0.9291666666666667
2021.0,9.0,15.0,27.726388888888888,29.066666666666663,0.7374999999999999
2021.0,9.0,16.0,27.88951048951049,29.11666666666666,0.6625
2021.0,9.0,17.0,27.883802816901408,29.129166666666663,0.8250000000000001
2021.0,9.0,18.0,27.837062937062935,29.229166666666668,0.8916666666666667
2021.0,9.0,19.0,28.016666666666666,29.337500000000002,0.8458333333333333
2021.0,9.0,20.0,27.876388888888886,29.462499999999995,0.9500000000000001
2021.0,9.0,21.0,28.293055555555554,29.654166666666665,1.2166666666666666
2021.0,9.0,22.0,28.52152777777778,29.80833333333333,0.8875000000000001
2021.0,9.0,23.0,29.243055555555557,29.912499999999998,0.8666666666666667
2021.0,9.0,24.0,29.456249999999997,29.858333333333334,1.1416666666666666
2021.0,9.0,25.0,29.02777777777778,29.99166666666666,0.9666666666666668
2021.0,9.0,26.0,28.894444444444446,30.00833333333334,0.8999999999999999
2021.0,9.0,27.0,28.341666666666665,30.11666666666666,0.7958333333333334
2021.0,9.0,28.0,28.471527777777776,29.99166666666666,0.6375
2021.0,9.0,29.0,28.32638888888889,29.974999999999998,0.6208333333333332
2021.0,9.0,30.0,28.179861111111112,30.0625,0.775
2021.0,10.0,1.0,27.915277777777778,30.091666666666665,1.1875
2021.0,10.0,2.0,27.304861111111112,29.86666666666666,1.2125000000000001
2021.0,10.0,3.0,28.21527777777778,29.67083333333333,1.4000000000000001
2021.0,10.0,4.0,28.88888888888889,29.462500000000002,1.6541666666666668
2021.0,10.0,5.0,28.643661971830987,29.229166666666668,1.8708333333333336
2021.0,10.0,6.0,28.25277777777778,29.216666666666665,1.8416666666666666
2021.0,10.0,7.0,28.57013888888889,29.433333333333337,1.4666666666666668
2021.0,10.0,8.0,28.466423357664233,29.55652173913043,1.175
2021.0,10.0,9.0,28.44236111111111,29.54583333333333,1.0833333333333333
2021.0,10.0,10.0,27.905185185185182,29.508333333333336,1.2666666666666668
2021.0,10.0,11.0,26.882638888888888,29.38333333333334,1.2249999999999999
2021.0,10.0,12.0,27.900694444444444,29.370833333333337,1.1208333333333333
2021.0,10.0,13.0,28.09652777777778,29.412499999999998,1.508333333333333
2021.0,10.0,14.0,27.879166666666666,29.504166666666663,1.1500000000000001
2021.0,10.0,15.0,27.9,29.61666666666666,0.8250000000000001
2021.0,10.0,16.0,28.008333333333333,29.845833333333335,0.7083333333333334
2021.0,10.0,17.0,28.220138888888886,29.958333333333332,0.6208333333333333
2021.0,10.0,18.0,28.304651162790698,30.171428571428574,0.6761904761904761
2021.0,10.0,19.0,28.79513888888889,30.274999999999995,0.5791666666666666
2021.0,10.0,20.0,28.258041958041957,30.137500000000003,0.6666666666666666
2021.0,10.0,21.0,27.70138888888889,29.86666666666666,0.9250000000000002
2021.0,10.0,22.0,28.06875,29.620833333333337,1.1875
2021.0,10.0,23.0,28.27013888888889,29.387500000000003,1.3958333333333333
2021.0,10.0,24.0,27.759027777777778,29.20416666666667,1.1333333333333333
2021.0,10.0,25.0,28.091666666666665,29.25833333333334,1.1125
2021.0,10.0,26.0,28.156944444444445,29.375,0.875
2021.0,10.0,27.0,27.820138888888888,29.458333333333332,0.6458333333333334
2021.0,10.0,28.0,28.10486111111111,29.4375,0.5375
2021.0,10.0,29.0,27.98611111111111,29.50833333333334,0.6041666666666666
2021.0,10.0,30.0,28.220833333333335,29.5,1.3708333333333336
2021.0,10.0,31.0,27.672916666666666,29.395833333333332,1.4000000000000001
2021.0,11.0,1.0,27.86111111111111,29.404166666666665,1.3583333333333334
2021.0,11.0,2.0,27.842361111111114,29.35833333333333,1.3791666666666667
2021.0,11.0,3.0,27.60763888888889,29.212500000000002,1.2374999999999998
2021.0,11.0,4.0,27.453472222222224,29.166666666666668,1.1416666666666668
2021.0,11.0,5.0,27.508333333333333,29.216666666666665,1.0666666666666667
2021.0,11.0,6.0,27.880555555555556,29.191666666666663,1.0541666666666665
2021.0,11.0,7.0,27.584722222222222,29.24583333333333,0.8708333333333332
2021.0,11.0,8.0,27.310416666666665,29.1875,0.6833333333333332
2021.0,11.0,9.0,27.481250000000003,29.274999999999995,1.0333333333333332
2021.0,11.0,10.0,27.508333333333333,29.24583333333333,1.4541666666666666
2021.0,11.0,11.0,27.766666666666666,29.24583333333333,1.8375000000000001
2021.0,11.0,12.0,28.177777777777777,29.24166666666666,1.7833333333333334
2021.0,11.0,13.0,27.759027777777778,29.25,1.75
2021.0,11.0,14.0,27.574305555555554,29.262500000000003,1.5583333333333336
2021.0,11.0,15.0,27.865972222222222,29.216666666666665,1.5166666666666666
2021.0,11.0,16.0,27.606944444444444,29.200000000000003,1.6125
2021.0,11.0,17.0,27.808333333333334,29.045833333333334,1.5125
2021.0,11.0,18.0,27.761805555555554,28.829166666666666,1.7541666666666667
2021.0,11.0,19.0,27.834027777777777,28.833333333333332,1.7166666666666668
2021.0,11.0,20.0,27.395833333333332,28.862499999999997,1.625
2021.0,11.0,21.0,27.358333333333334,28.762500000000003,1.4124999999999999
2021.0,11.0,22.0,26.953472222222224,28.591666666666665,1.2375
2021.0,11.0,23.0,27.245833333333334,28.662500000000005,1.2375
2021.0,11.0,24.0,27.04513888888889,28.783333333333335,0.9250000000000002
2021.0,11.0,25.0,26.90902777777778,28.74583333333333,1.2374999999999998
2021.0,11.0,26.0,27.28402777777778,28.541666666666668,2.295833333333334
2021.0,11.0,27.0,26.428472222222222,28.591666666666665,1.9249999999999998
2021.0,11.0,28.0,27.210416666666667,28.658333333333335,1.5875000000000001
2021.0,11.0,29.0,27.231250000000003,28.645833333333332,1.3541666666666667
2021.0,11.0,30.0,27.04236111111111,28.700000000000003,1.3791666666666667
2021.0,12.0,1.0,27.322222222222223,28.666666666666668,1.1125
2021.0,12.0,2.0,27.57638888888889,28.645833333333332,1.2041666666666666
2021.0,12.0,3.0,27.085416666666667,28.695833333333333,1.0708333333333333
2021.0,12.0,4.0,27.329166666666666,28.67916666666666,1.0333333333333334
2021.0,12.0,5.0,27.10486111111111,28.50416666666667,1.2541666666666667
2021.0,12.0,6.0,27.288888888888888,28.474999999999998,1.2874999999999999
2021.0,12.0,7.0,27.233333333333334,28.399999999999995,1.3499999999999999
2021.0,12.0,8.0,27.331944444444446,28.316666666666666,1.3416666666666668
2021.0,12.0,9.0,26.797916666666666,28.204166666666666,1.1333333333333335
2021.0,12.0,10.0,27.181944444444444,28.108333333333334,1.3125
2021.0,12.0,11.0,27.231250000000003,28.008333333333336,1.7124999999999997
2021.0,12.0,12.0,27.310948905109488,27.96666666666667,1.8708333333333333
2021.0,12.0,13.0,27.231944444444444,27.78333333333333,1.875
2021.0,12.0,14.0,27.12847222222222,27.59583333333333,1.9375
2021.0,12.0,15.0,26.581944444444446,27.537500000000005,1.75
2021.0,12.0,16.0,26.78201438848921,27.54583333333333,1.7291666666666667
2021.0,12.0,17.0,26.804511278195488,27.558333333333334,1.875
2021.0,12.0,18.0,26.358333333333334,27.5,2.6041666666666665
2021.0,12.0,19.0,26.135416666666668,27.40833333333333,1.8333333333333333
2021.0,12.0,20.0,25.84652777777778,27.475000000000005,1.5416666666666667
2021.0,12.0,21.0,25.393055555555556,27.774999999999995,1.05
2021.0,12.0,22.0,26.300694444444446,27.874999999999996,0.9750000000000001
2021.0,12.0,23.0,26.331249999999997,27.841666666666665,1.0125
2021.0,12.0,24.0,26.239583333333332,27.791666666666668,0.9249999999999999
2021.0,12.0,25.0,25.981944444444444,27.6375,0.8666666666666667
2021.0,12.0,26.0,25.71875,27.670833333333334,1.3083333333333333
2021.0,12.0,27.0,25.527464788732395,27.695833333333336,1.1041666666666667
2021.0,12.0,28.0,25.981250000000003,27.633333333333336,0.9916666666666666
2021.0,12.0,29.0,26.383333333333333,27.558333333333334,1.175
2021.0,12.0,30.0,26.397222222222222,27.475000000000005,1.4791666666666667
2021.0,12.0,31.0,26.494444444444444,27.3625,1.4041666666666668
2022.0,1.0,1.0,26.4568345323741,27.370833333333334,1.1708333333333334
2022.0,1.0,2.0,26.069444444444443,27.375,1.1958333333333335
2022.0,1.0,3.0,26.07986111111111,27.391666666666666,1.3999999999999997
2022.0,1.0,4.0,25.452777777777776,27.395833333333332,1.2874999999999999
2022.0,1.0,5.0,25.2992700729927,27.270833333333332,1.2375
2022.0,1.0,6.0,25.413888888888888,27.241666666666664,1.6666666666666667
2022.0,1.0,7.0,26.224285714285713,27.150000000000002,1.6833333333333336
2022.0,1.0,8.0,26.151094890510947,27.116666666666664,1.4333333333333333
2022.0,1.0,9.0,26.363194444444446,27.070833333333336,1.4708333333333332
2022.0,1.0,10.0,26.07361111111111,27.054166666666664,1.5458333333333334
2022.0,1.0,11.0,25.143749999999997,27.116666666666664,1.5999999999999999
2022.0,1.0,12.0,25.199305555555554,27.162500000000005,1.3499999999999999
2022.0,1.0,13.0,25.652083333333334,27.137500000000003,1.2833333333333334
2022.0,1.0,14.0,25.588194444444444,27.32083333333333,1.1333333333333335
2022.0,1.0,15.0,25.285416666666666,27.349999999999998,0.7833333333333332
2022.0,1.0,16.0,25.645833333333332,27.237499999999997,1.1958333333333333
2022.0,1.0,17.0,26.446527777777778,27.2,2.1833333333333336
2022.0,1.0,18.0,25.433333333333334,27.08,1.4708333333333332
2022.0,1.0,19.0,25.656944444444445,27.075000000000003,1.0166666666666666
2022.0,1.0,20.0,25.851388888888888,27.066666666666666,1.3625
2022.0,1.0,21.0,25.88125,27.008333333333336,1.5041666666666664
2022.0,1.0,22.0,25.597101449275364,26.995833333333334,1.3458333333333334
2022.0,1.0,23.0,25.914583333333333,27.075,1.2291666666666667
2022.0,1.0,24.0,25.131944444444443,27.191666666666666,1.0625
2022.0,1.0,25.0,25.525352112676057,27.208333333333332,1.25
2022.0,1.0,26.0,25.53125,27.1875,1.0916666666666666
2022.0,1.0,27.0,25.796527777777776,27.133333333333336,1.0041666666666667
2022.0,1.0,28.0,25.09027777777778,27.162499999999998,0.8875000000000002
2022.0,1.0,29.0,25.469402985074627,27.125,0.8958333333333334
2022.0,1.0,30.0,25.123741007194244,27.083333333333332,1.0125
2022.0,1.0,31.0,25.053472222222222,27.070833333333336,1.5083333333333335
2022.0,2.0,1.0,24.860416666666666,27.070833333333336,1.8500000000000003
2022.0,2.0,2.0,25.259027777777778,27.004166666666666,1.4666666666666668
2022.0,2.0,3.0,25.25277777777778,27.0125,1.5666666666666667
2022.0,2.0,4.0,25.06875,26.958333333333332,1.9958333333333336
2022.0,2.0,5.0,23.84722222222222,26.791666666666668,2.683333333333333
2022.0,2.0,6.0,23.90347222222222,26.733333333333334,2.154166666666667
2022.0,2.0,7.0,24.786619718309858,26.86666666666667,1.7541666666666667
2022.0,2.0,8.0,25.061111111111114,26.995833333333337,1.55
2022.0,2.0,9.0,25.290972222222223,26.991666666666664,1.4333333333333333
2022.0,2.0,10.0,25.478472222222223,26.96666666666667,1.3666666666666665
2022.0,2.0,11.0,25.614583333333332,26.954166666666666,1.4875
2022.0,2.0,12.0,25.28402777777778,26.929166666666664,1.6666666666666667
2022.0,2.0,13.0,24.978169014084507,26.90833333333333,1.6083333333333334
2022.0,2.0,14.0,25.300694444444446,26.95,1.5416666666666667
2022.0,2.0,15.0,25.46949152542373,26.852000000000004,1.2
2022.0,2.0,16.0,25.84817518248175,26.879166666666663,1.2791666666666668
2022.0,2.0,17.0,25.87132867132867,26.8875,1.8624999999999998
2022.0,2.0,18.0,25.174305555555556,26.804166666666664,1.9791666666666667
2022.0,2.0,19.0,25.463194444444444,26.787499999999998,1.7833333333333334
2022.0,2.0,20.0,25.452777777777776,26.8625,1.5916666666666668
2022.0,2.0,21.0,25.695833333333333,26.854166666666668,1.4708333333333332
2022.0,2.0,22.0,25.702083333333334,26.849999999999998,1.325
2022.0,2.0,23.0,25.15138888888889,26.7375,1.6916666666666664
2022.0,2.0,24.0,25.11111111111111,26.691666666666663,1.8916666666666666
2022.0,2.0,25.0,24.952777777777776,26.72083333333333,1.6624999999999996
2022.0,2.0,26.0,25.188194444444445,26.6875,1.4583333333333333
2022.0,2.0,27.0,25.28102189781022,26.641666666666666,1.2541666666666667
2022.0,2.0,28.0,25.504166666666666,26.708333333333332,1.0208333333333333
2022.0,3.0,1.0,25.385416666666668,26.66666666666667,0.9708333333333332
2022.0,3.0,2.0,25.624305555555555,26.7375,1.0041666666666667
2022.0,3.0,3.0,25.67361111111111,26.837500000000002,1.0583333333333333
2022.0,3.0,4.0,25.773611111111112,26.82083333333333,1.1791666666666665
2022.0,3.0,5.0,25.523741007194246,26.766666666666666,1.2666666666666668
2022.0,3.0,6.0,25.66058394160584,26.65416666666667,1.6958333333333335
2022.0,3.0,7.0,25.378676470588236,26.525,2.0208333333333335
2022.0,3.0,8.0,25.53900709219858,26.483333333333334,1.7916666666666667
2022.0,3.0,9.0,25.522727272727273,26.431818181818183,1.6909090909090911
2022.0,3.0,10.0,25.56527777777778,26.38333333333333,1.5833333333333333
2022.0,3.0,11.0,25.629166666666666,26.395833333333332,1.5250000000000001
2022.0,3.0,12.0,25.58129496402878,26.379166666666666,1.5166666666666666
2022.0,3.0,13.0,25.561805555555555,26.40416666666667,1.4708333333333332
2022.0,3.0,14.0,25.767175572519083,26.46666666666667,1.6791666666666665
2022.0,3.0,15.0,25.984210526315792,26.379166666666663,1.9874999999999998
2022.0,3.0,16.0,25.257142857142856,26.304166666666667,1.9124999999999999
2022.0,3.0,17.0,25.495833333333334,26.3125,1.6458333333333333
2022.0,3.0,18.0,25.493055555555557,26.349999999999998,1.7041666666666666
2022.0,3.0,19.0,25.710416666666667,26.383333333333336,1.3958333333333333
2022.0,3.0,20.0,25.726119402985077,26.333333333333332,1.5125
2022.0,3.0,21.0,25.17142857142857,26.3125,1.2
2022.0,3.0,22.0,25.23955223880597,26.3625,1.1166666666666667
2022.0,3.0,23.0,25.490510948905108,26.354166666666668,1.1333333333333333
2022.0,3.0,24.0,25.053472222222222,26.287499999999998,1.4875
2022.0,3.0,25.0,25.122916666666665,26.22083333333333,1.4750000000000003
2022.0,3.0,26.0,25.47152777777778,26.316666666666666,1.3083333333333333
2022.0,3.0,27.0,25.257042253521128,26.604166666666668,0.8624999999999999
2022.0,3.0,28.0,25.203521126760563,26.82083333333333,0.6875
2022.0,3.0,29.0,25.359722222222224,26.900000000000002,0.9708333333333334
2022.0,3.0,30.0,25.62777777777778,27.033333333333335,1.1416666666666666
2022.0,3.0,31.0,25.640972222222224,26.758333333333336,1.4375
2022.0,4.0,1.0,25.688888888888886,26.433333333333334,1.6624999999999999
2022.0,4.0,2.0,25.40902777777778,26.30416666666667,1.5458333333333334
2022.0,4.0,3.0,25.929166666666667,26.316666666666666,1.3166666666666667
2022.0,4.0,4.0,25.763194444444444,26.479166666666668,0.9791666666666666
2022.0,4.0,5.0,25.727338129496403,26.633333333333336,0.9375
2022.0,4.0,6.0,25.420143884892084,26.658333333333335,1.0250000000000001
2022.0,4.0,7.0,25.47887323943662,26.604166666666668,1.075
2022.0,4.0,8.0,25.712142857142858,26.55,1.1375
2022.0,4.0,9.0,25.78405797101449,26.34166666666667,1.2208333333333332
2022.0,4.0,10.0,25.70774647887324,26.454166666666666,1.0958333333333332
2022.0,4.0,11.0,25.76923076923077,26.820833333333336,0.9416666666666669
2022.0,4.0,12.0,25.970289855072465,26.90416666666667,1.3499999999999999
2022.0,4.0,13.0,25.81205673758865,26.712500000000002,1.5708333333333335
2022.0,4.0,14.0,25.350704225352114,26.425,1.7625
2022.0,4.0,15.0,25.3443661971831,26.358333333333334,1.9249999999999998
2022.0,4.0,16.0,25.530714285714286,26.28333333333333,1.7250000000000003
2022.0,4.0,17.0,25.83941605839416,26.229166666666668,1.7833333333333334
2022.0,4.0,18.0,26.010416666666668,26.28333333333333,1.7083333333333333
2022.0,4.0,19.0,25.933576642335765,26.404166666666665,1.5958333333333334
2022.0,4.0,20.0,25.932394366197183,26.533333333333335,1.383333333333333
2022.0,4.0,21.0,25.486713286713286,26.604166666666668,1.2916666666666667
2022.0,4.0,22.0,25.15347222222222,26.7,1.45
2022.0,4.0,23.0,25.580555555555556,26.7625,1.5083333333333335
2022.0,4.0,24.0,25.482481751824817,26.7,1.4750000000000003
2022.0,4.0,25.0,25.578472222222224,26.6125,1.366666666666667
2022.0,4.0,26.0,25.518055555555556,26.662500000000005,1.0875000000000001
2022.0,4.0,27.0,25.102083333333333,26.691666666666666,1.8125
2022.0,4.0,28.0,25.004166666666666,26.59583333333333,2.1375
2022.0,4.0,29.0,25.127083333333335,26.6375,1.7916666666666667
2022.0,4.0,30.0,25.27847222222222,26.53333333333333,1.4958333333333333
2022.0,5.0,1.0,25.30972222222222,26.412499999999998,1.1625
2022.0,5.0,2.0,26.39718309859155,26.433333333333334,1.1958333333333333
2022.0,5.0,3.0,26.148611111111112,26.516666666666666,1.4000000000000001
2022.0,5.0,4.0,26.131944444444443,26.6875,1.1833333333333333
2022.0,5.0,5.0,25.965248226950354,26.708333333333332,1.1583333333333332
2022.0,5.0,6.0,25.983916083916082,26.691666666666663,1.0958333333333334
2022.0,5.0,7.0,26.074468085106382,26.804166666666664,0.9791666666666666
2022.0,5.0,8.0,26.174803149606298,26.866666666666664,0.9791666666666666
2022.0,5.0,9.0,27.724444444444444,27.041666666666668,0.8333333333333334
2022.0,5.0,10.0,26.980555555555554,27.09583333333333,0.7708333333333334
2022.0,5.0,11.0,27.489565217391306,27.145833333333332,0.9260869565217391
2022.0,5.0,12.0,26.908333333333335,27.145833333333332,1.3333333333333333
2022.0,5.0,13.0,26.517605633802816,26.979166666666668,1.4541666666666666
2022.0,5.0,14.0,26.214615384615385,26.795833333333334,1.55
2022.0,5.0,15.0,26.334532374100718,26.72083333333333,1.4124999999999999
2022.0,5.0,16.0,26.364341085271317,26.625,1.2791666666666666
2022.0,5.0,17.0,26.685611510791365,26.729166666666668,1.1208333333333333
2022.0,5.0,18.0,27.1511811023622,27.099999999999998,0.9583333333333334
2022.0,5.0,19.0,27.015328467153285,27.391666666666666,0.8375
2022.0,5.0,20.0,26.989583333333332,27.708333333333332,0.8166666666666668
2022.0,5.0,21.0,26.96056338028169,27.5625,0.85
2022.0,5.0,22.0,26.872992700729927,27.65833333333333,0.8958333333333334
2022.0,5.0,23.0,26.667391304347827,27.625,0.8562500000000001
2022.0,5.0,27.0,28.160714285714285,28.7375,0.0
2022.0,5.0,28.0,26.918055555555554,27.120833333333334,0.44583333333333336
2022.0,5.0,29.0,26.930555555555557,27.479166666666668,1.1208333333333333
2022.0,5.0,30.0,26.961805555555557,27.545833333333334,1.175
2022.0,5.0,31.0,26.897872340425533,27.465217391304346,1.0999999999999999
2022.0,6.0,1.0,26.749295774647887,27.587500000000002,0.9
2022.0,6.0,2.0,26.92638888888889,27.650000000000002,0.8625000000000002
2022.0,6.0,3.0,27.301398601398603,27.8625,0.7333333333333334
2022.0,6.0,4.0,28.075694444444444,28.004166666666666,0.6791666666666666
2022.0,6.0,5.0,29.03125,28.029166666666665,0.6791666666666666
2022.0,6.0,6.0,27.674305555555556,27.958333333333332,0.7541666666666665
2022.0,6.0,7.0,27.50802919708029,28.083333333333332,0.7782608695652173
2022.0,6.0,8.0,27.43125,28.03333333333333,0.9083333333333332
2022.0,6.0,9.0,27.38611111111111,28.179166666666664,0.9916666666666666
2022.0,6.0,10.0,27.468055555555555,28.28333333333333,1.0416666666666667
2022.0,6.0,11.0,27.635416666666668,28.03333333333333,1.1541666666666668
2022.0,6.0,12.0,27.64236111111111,27.9375,1.1208333333333333
2022.0,6.0,13.0,27.544444444444444,28.041666666666668,1.1041666666666667
2022.0,6.0,14.0,27.283941605839413,27.945833333333336,1.25
2022.0,6.0,15.0,26.661805555555556,28.041666666666668,1.075
2022.0,6.0,16.0,27.790277777777778,28.274999999999995,0.9833333333333333
2022.0,6.0,17.0,27.66111111111111,28.3,0.8166666666666668
2022.0,6.0,18.0,27.51111111111111,28.395833333333332,0.7375000000000002
2022.0,6.0,19.0,27.493617021276595,28.525000000000002,0.8541666666666666
2022.0,6.0,20.0,27.59861111111111,28.51666666666667,1.1624999999999999
2022.0,6.0,21.0,27.126388888888886,28.54583333333333,0.9041666666666666
2022.0,6.0,22.0,27.45763888888889,28.654166666666665,0.6833333333333332
2022.0,6.0,23.0,27.668750000000003,28.700000000000003,0.7875
2022.0,6.0,24.0,27.606250000000003,28.545833333333334,0.7833333333333332
2022.0,6.0,25.0,27.456249999999997,28.358333333333334,0.9041666666666668
2022.0,6.0,26.0,27.559574468085106,28.224999999999998,1.0916666666666668
2022.0,6.0,27.0,27.64513888888889,28.0125,1.1833333333333333
2022.0,6.0,28.0,27.60774647887324,27.995833333333334,1.1409090909090909
2022.0,6.0,29.0,27.77013888888889,28.03333333333333,1.5041666666666667
2022.0,6.0,30.0,27.652083333333334,27.9375,1.4083333333333332
2022.0,7.0,1.0,27.559574468085106,27.854166666666668,1.2249999999999999
2022.0,7.0,2.0,26.352083333333333,27.7375,1.4416666666666667
2022.0,7.0,3.0,26.540277777777778,27.579166666666666,1.0125
2022.0,7.0,4.0,27.372916666666665,27.870833333333337,1.0791666666666666
2022.0,7.0,5.0,27.460416666666667,28.308333333333337,0.9958333333333331
2022.0,7.0,6.0,27.035416666666666,28.441666666666663,1.0333333333333334
2022.0,7.0,7.0,27.09375,28.458333333333332,1.0541666666666667
2022.0,7.0,8.0,27.296527777777776,28.416666666666668,1.0791666666666666
2022.0,7.0,9.0,27.43402777777778,28.25,1.3166666666666667
2022.0,7.0,10.0,27.45531914893617,28.291666666666668,1.2874999999999999
2022.0,7.0,11.0,27.841843971631203,28.26666666666667,1.2333333333333334
2022.0,7.0,12.0,27.811805555555555,28.474999999999998,1.054166666666667
2022.0,7.0,13.0,27.856944444444444,28.645833333333332,1.0083333333333335
2022.0,7.0,14.0,27.275886524822695,28.5125,1.2083333333333333
2022.0,7.0,15.0,27.685416666666665,28.483333333333334,1.4875
2022.0,7.0,16.0,27.7979020979021,28.229166666666668,1.4541666666666666
2022.0,7.0,17.0,27.82112676056338,28.191666666666663,1.4583333333333333
2022.0,7.0,18.0,27.402158273381296,28.15416666666667,1.1958333333333333
2022.0,7.0,19.0,27.274285714285714,28.27916666666667,1.1041666666666667
2022.0,7.0,20.0,27.848936170212763,28.525,1.1500000000000001
2022.0,7.0,21.0,27.179166666666667,28.3875,1.2416666666666667
2022.0,7.0,22.0,27.528985507246375,28.200000000000003,1.2666666666666666
2022.0,7.0,23.0,27.58661971830986,28.233333333333334,1.4416666666666667
2022.0,7.0,24.0,27.221481481481483,28.166666666666668,1.4208333333333334
2022.0,7.0,25.0,27.665714285714287,28.125,1.6708333333333334
2022.0,7.0,26.0,27.782517482517484,28.1875,1.6000000000000003
2022.0,7.0,27.0,27.4031007751938,28.45416666666667,1.2291666666666667
2022.0,7.0,28.0,27.36916666666667,28.520833333333332,1.3166666666666667
2022.0,7.0,29.0,27.513533834586465,28.54583333333333,1.3708333333333333
2022.0,7.0,30.0,27.815555555555555,28.612499999999997,1.4916666666666665
2022.0,7.0,31.0,28.128057553956836,28.68333333333333,1.4208333333333334
2022.0,8.0,1.0,28.125190839694657,28.82083333333334,1.2041666666666666
2022.0,8.0,2.0,28.041843971631206,28.9,1.075
2022.0,8.0,3.0,27.87094017094017,28.75,1.0875000000000001
2022.0,8.0,4.0,28.052777777777777,28.733333333333334,1.2541666666666667
2022.0,8.0,5.0,27.950694444444444,28.691666666666663,1.2750000000000001
2022.0,8.0,6.0,28.03943661971831,28.762500000000003,1.2083333333333333
2022.0,8.0,7.0,27.830714285714286,28.67083333333333,1.3791666666666664
2022.0,8.0,8.0,28.166666666666668,28.662500000000005,1.5416666666666667
2022.0,8.0,9.0,28.085314685314685,28.783333333333335,1.2916666666666667
2022.0,8.0,10.0,27.973333333333333,28.729166666666668,1.1416666666666666
2022.0,8.0,11.0,27.936879432624114,28.74166666666666,1.1166666666666665
2022.0,8.0,12.0,27.875,28.712500000000002,0.9541666666666667
2022.0,8.0,13.0,27.932038834951456,28.86666666666666,0.7333333333333334
2022.0,8.0,14.0,28.109259259259257,28.979166666666668,0.7124999999999999
2022.0,8.0,15.0,27.883870967741935,29.037499999999998,0.6916666666666668
2022.0,8.0,16.0,27.796527777777776,29.11666666666666,0.7333333333333334
2022.0,8.0,17.0,27.922916666666666,29.23333333333333,0.6750000000000002
2022.0,8.0,18.0,27.938053097345133,29.270833333333332,0.6083333333333333
2022.0,8.0,19.0,27.820833333333336,29.366666666666667,0.9750000000000001
2022.0,8.0,20.0,27.995876288659794,29.229166666666668,1.2125000000000001
2022.0,8.0,21.0,27.348245614035086,29.09166666666667,1.0916666666666666
2022.0,8.0,22.0,26.66267605633803,29.19166666666667,0.7666666666666666
2022.0,8.0,23.0,27.351162790697675,29.2,0.6043478260869566
2022.0,8.0,24.0,28.662162162162165,29.14166666666667,1.0583333333333333
2022.0,8.0,25.0,28.02763157894737,29.329166666666662,1.1208333333333333
2022.0,8.0,26.0,27.892222222222223,29.283333333333335,1.054166666666667
2022.0,8.0,27.0,28.02758620689655,29.32083333333334,0.9874999999999999
2022.0,8.0,28.0,27.59166666666667,29.25,1.0416666666666667
2022.0,8.0,29.0,28.548387096774192,29.325000000000003,0.9916666666666667
2022.0,8.0,30.0,28.51724137931034,29.512500000000003,0.9083333333333334
2022.0,8.0,31.0,28.561643835616437,29.462500000000002,0.8625000000000002
2022.0,9.0,1.0,28.378260869565217,29.583333333333332,0.8999999999999999
2022.0,9.0,2.0,28.451960784313727,29.704166666666666,1.0208333333333333
2022.0,9.0,3.0,28.277380952380955,29.708333333333332,1.2874999999999999
2022.0,9.0,4.0,27.402830188679243,29.683333333333337,1.6833333333333333
2022.0,9.0,5.0,27.848872180451128,29.512500000000003,0.9500000000000001
2022.0,9.0,6.0,27.352631578947367,29.658333333333335,1.0875000000000001
2022.0,9.0,7.0,27.204651162790697,29.74583333333333,1.1875000000000002
2022.0,9.0,8.0,27.972916666666666,29.645833333333332,1.05
2022.0,9.0,9.0,28.18095238095238,29.720833333333335,0.7291666666666666
2022.0,9.0,10.0,28.295698924731184,29.779166666666665,0.8333333333333334
2022.0,9.0,11.0,28.248800000000003,29.79583333333333,0.8625000000000002
2022.0,9.0,12.0,27.895555555555557,29.779166666666665,1.1624999999999999
2022.0,9.0,13.0,28.159090909090907,29.745833333333337,2.4875
2022.0,9.0,14.0,28.527619047619048,29.599999999999998,2.1666666666666665
2022.0,9.0,15.0,28.62142857142857,29.337500000000002,1.6375000000000002
2022.0,9.0,16.0,28.374452554744526,29.204166666666666,1.6000000000000003
2022.0,9.0,17.0,27.983333333333334,29.029166666666665,1.9125000000000003
2022.0,9.0,18.0,26.04236111111111,28.354166666666668,1.9541666666666666
2022.0,9.0,19.0,25.87847222222222,26.641666666666666,1.1916666666666667
2022.0,9.0,20.0,28.04513888888889,27.408333333333335,0.7583333333333333
2022.0,9.0,21.0,28.8125,28.433333333333337,0.7416666666666667
2022.0,9.0,22.0,28.135036496350367,28.608333333333338,1.0625
2022.0,9.0,23.0,28.449180327868856,28.69583333333334,0.8625000000000002
2022.0,9.0,24.0,27.793518518518518,28.504166666666666,1.1041666666666667
2022.0,9.0,25.0,27.555118110236222,28.450000000000003,1.3916666666666666
2022.0,9.0,26.0,27.63873873873874,28.325000000000003,1.5791666666666668
2022.0,9.0,27.0,27.420353982300885,28.299999999999997,1.4625000000000001
2022.0,9.0,28.0,27.491025641025644,28.429166666666664,1.1208333333333333
2022.0,9.0,29.0,26.758196721311478,28.474999999999998,1.1208333333333333
2022.0,9.0,30.0,26.813793103448276,28.516666666666666,0.9500000000000001
2022.0,10.0,1.0,27.808510638297875,28.620833333333337,0.9375
2022.0,10.0,2.0,27.99787234042553,28.916666666666668,0.8458333333333333
2022.0,10.0,3.0,27.58086956521739,29.05416666666666,0.8583333333333334
2022.0,10.0,4.0,27.670909090909092,29.11666666666666,0.7958333333333334
2022.0,10.0,5.0,28.03609022556391,29.166666666666668,0.9541666666666667
2022.0,10.0,6.0,28.23984375,29.11666666666666,1.175
2022.0,10.0,7.0,27.665040650406507,29.05,1.2291666666666667
2022.0,10.0,8.0,27.654901960784315,29.033333333333335,1.0791666666666666
2022.0,10.0,9.0,27.54811320754717,29.004166666666663,1.0166666666666666
2022.0,10.0,10.0,26.85952380952381,29.06666666666667,0.9249999999999999
2022.0,10.0,11.0,27.371296296296297,29.099999999999998,0.9375
2022.0,10.0,12.0,28.10483870967742,29.149999999999995,0.9083333333333334
2022.0,10.0,13.0,28.244897959183675,29.212500000000002,0.7791666666666667
2022.0,10.0,14.0,28.16470588235294,29.25833333333334,0.6666666666666666
2022.0,10.0,15.0,27.70909090909091,29.320833333333333,0.7458333333333333
2022.0,10.0,16.0,27.76,29.291666666666668,0.8083333333333335
2022.0,10.0,17.0,27.779861111111114,29.533333333333335,0.7291666666666666
2022.0,10.0,18.0,27.839583333333334,29.479166666666668,0.6166666666666667
2022.0,10.0,19.0,28.1208,29.299999999999997,0.7458333333333332
2022.0,10.0,20.0,28.06607142857143,29.29583333333333,0.8333333333333334
2022.0,10.0,21.0,27.64588235294118,29.299999999999997,0.9375
2022.0,10.0,22.0,27.39777777777778,29.220833333333335,0.9041666666666668
2022.0,10.0,23.0,27.653658536585368,29.35833333333333,1.0875000000000001
2022.0,10.0,24.0,28.121739130434783,29.404166666666665,1.2
2022.0,10.0,25.0,27.854918032786887,29.329166666666666,1.2291666666666667
2022.0,10.0,26.0,26.126771653543308,29.158333333333335,1.1875
2022.0,10.0,27.0,25.301075268817204,28.787499999999998,0.9666666666666668
2022.0,10.0,28.0,27.234722222222224,28.849999999999998,0.85
2022.0,10.0,29.0,28.00952380952381,28.950000000000003,1.0333333333333334
2022.0,10.0,30.0,26.875630252100837,28.933333333333337,0.9458333333333333
2022.0,10.0,31.0,26.642372881355932,28.899999999999995,0.8375
2022.0,11.0,1.0,27.608999999999998,28.8125,1.175
2022.0,11.0,2.0,27.8168,28.945833333333333,1.175
2022.0,11.0,3.0,27.299145299145298,29.054166666666667,0.9791666666666666
2022.0,11.0,4.0,26.91751824817518,29.020833333333332,0.9541666666666667
2022.0,11.0,5.0,24.986428571428572,28.79583333333333,1.1041666666666667
2022.0,11.0,6.0,26.84097222222222,28.625,1.6333333333333335
2022.0,11.0,7.0,27.398611111111112,28.683333333333337,1.4541666666666668
2022.0,11.0,8.0,27.190510948905107,28.495833333333334,1.320833333333333
2022.0,11.0,9.0,28.01029411764706,28.4875,1.1583333333333332
2022.0,11.0,10.0,27.4648,28.57083333333334,1.0291666666666668
2022.0,11.0,11.0,26.81382113821138,28.533333333333335,1.5
2022.0,11.0,12.0,26.810576923076923,28.599999999999998,1.8291666666666666
2022.0,11.0,13.0,27.282835820895524,28.68333333333333,1.4791666666666667
2022.0,11.0,14.0,27.17857142857143,28.67083333333333,1.2916666666666667
2022.0,11.0,15.0,26.4992700729927,28.545833333333334,1.3291666666666666
2022.0,11.0,16.0,27.211475409836066,28.487499999999997,1.3291666666666666
2022.0,11.0,17.0,26.678301886792454,28.575000000000003,1.2541666666666667
2022.0,11.0,18.0,26.936153846153847,28.591666666666665,1.4750000000000003
2022.0,11.0,19.0,27.227007299270074,28.48333333333333,1.4749999999999999
2022.0,11.0,20.0,27.258878504672897,28.458333333333332,1.4625000000000001
2022.0,11.0,21.0,26.794814814814814,28.3125,1.5083333333333335
2022.0,11.0,22.0,26.972857142857144,28.270833333333332,1.6083333333333334
2022.0,11.0,23.0,26.790972222222223,28.2375,1.6125
2022.0,11.0,24.0,26.76637168141593,28.337499999999995,1.4625000000000001
2022.0,11.0,25.0,27.247272727272726,28.2,1.225
2022.0,11.0,26.0,27.063888888888886,28.25,0.9750000000000001
2022.0,11.0,27.0,26.928169014084506,28.216666666666665,1.0
2022.0,11.0,28.0,26.895744680851063,28.224999999999998,1.2666666666666668
2022.0,11.0,29.0,26.90420168067227,28.25,1.6666666666666667
2022.0,11.0,30.0,26.846666666666668,28.25,1.4416666666666667
2022.0,12.0,1.0,26.666386554621848,28.133333333333336,1.3125
2022.0,12.0,2.0,26.654098360655738,28.045833333333334,1.3999999999999997
2022.0,12.0,3.0,26.645454545454545,28.087499999999995,1.5250000000000001
2022.0,12.0,4.0,26.225925925925925,27.954166666666666,2.1750000000000003
2022.0,12.0,5.0,26.086821705426356,27.8125,2.5166666666666666
2022.0,12.0,6.0,26.50802919708029,27.75,2.4875000000000003
2022.0,12.0,7.0,26.237301587301587,27.629166666666666,2.216666666666667
2022.0,12.0,8.0,26.16439393939394,27.54583333333333,2.516666666666666
2022.0,12.0,9.0,25.787591240875912,27.537499999999998,3.35
2022.0,12.0,10.0,25.183333333333334,27.570833333333336,2.7624999999999997
2022.0,12.0,11.0,25.20740740740741,27.541666666666668,1.8374999999999997
2022.0,12.0,12.0,25.81260504201681,27.470833333333335,2.5791666666666666
2022.0,12.0,13.0,25.12406015037594,27.495833333333337,2.75
2022.0,12.0,14.0,25.425925925925927,27.391666666666666,2.0749999999999997
2022.0,12.0,15.0,26.059574468085106,27.349999999999998,1.9041666666666668
2022.0,12.0,16.0,26.137500000000003,27.40833333333333,1.9791666666666667
2022.0,12.0,17.0,25.142553191489363,27.454166666666666,2.025
2022.0,12.0,18.0,25.785314685314685,27.462500000000002,1.8708333333333336
2022.0,12.0,19.0,25.882269503546098,27.658333333333335,1.3291666666666666
2022.0,12.0,20.0,26.104964539007092,27.370833333333326,1.375
2022.0,12.0,21.0,26.01159420289855,27.15833333333333,1.25
2022.0,12.0,22.0,26.00330578512397,27.145833333333332,1.4041666666666668
2022.0,12.0,23.0,26.251199999999997,27.204166666666666,1.7375
2022.0,12.0,24.0,25.779104477611938,27.083333333333332,1.6458333333333333
2022.0,12.0,25.0,25.79618320610687,27.0625,1.55
2022.0,12.0,26.0,25.542753623188403,27.0,1.6166666666666665
2022.0,12.0,27.0,25.825000000000003,27.04583333333333,1.7916666666666667
2022.0,12.0,28.0,25.98582089552239,27.016666666666666,1.7375
2022.0,12.0,29.0,25.97218045112782,27.108333333333334,1.6500000000000001
2022.0,12.0,30.0,25.991666666666667,27.104166666666668,1.6208333333333336
2022.0,12.0,31.0,25.98402777777778,27.0625,1.4666666666666668
2023.0,1.0,1.0,25.618548387096773,27.212499999999995,1.3666666666666665
2023.0,1.0,2.0,26.007766990291262,27.320833333333336,1.2833333333333332
2023.0,1.0,3.0,25.655263157894737,27.1875,1.2833333333333332
2023.0,1.0,4.0,24.425925925925927,27.041666666666668,1.3625
2023.0,1.0,5.0,25.58235294117647,27.020833333333332,1.6458333333333333
2023.0,1.0,6.0,25.701526717557254,27.041666666666668,1.6166666666666665
2023.0,1.0,7.0,25.290434782608695,27.1125,1.3958333333333333
2023.0,1.0,8.0,24.87540983606557,27.133333333333336,1.2041666666666666
2023.0,1.0,9.0,25.895652173913046,27.120833333333337,1.1125
2023.0,1.0,10.0,25.268644067796608,27.25,0.9041666666666668
2023.0,1.0,11.0,24.960526315789473,27.275000000000002,0.8458333333333334
2023.0,1.0,12.0,24.98861788617886,26.941666666666666,0.8666666666666667
2023.0,1.0,13.0,25.448648648648646,26.929166666666664,1.0625
2023.0,1.0,14.0,25.625806451612902,27.162500000000005,1.0208333333333333
2023.0,1.0,15.0,24.83482142857143,27.104166666666668,0.8541666666666666
2023.0,1.0,16.0,24.130714285714287,26.854166666666668,2.3125
2023.0,1.0,17.0,25.5,26.758333333333333,2.3249999999999997
2023.0,1.0,18.0,25.512230215827337,26.7,1.7541666666666667
2023.0,1.0,19.0,24.718811881188117,26.787499999999998,1.5458333333333334
2023.0,1.0,20.0,25.203968253968256,26.804166666666664,1.3375000000000001
2023.0,1.0,21.0,25.121311475409836,26.9375,1.0541666666666665
2023.0,1.0,22.0,24.977777777777778,27.066666666666666,1.0
2023.0,1.0,23.0,25.679710144927537,27.274999999999995,1.1666666666666667
2023.0,1.0,24.0,25.0928,27.22083333333333,1.1458333333333333
2023.0,1.0,25.0,25.145535714285714,27.150000000000002,1.1708333333333334
2023.0,1.0,26.0,25.661029411764705,26.895833333333332,1.3583333333333334
2023.0,1.0,27.0,24.87076923076923,26.837500000000002,1.3958333333333333
2023.0,1.0,28.0,24.956521739130437,26.695833333333333,1.6625
2023.0,1.0,29.0,25.037226277372262,26.64166666666667,1.758333333333333
2023.0,1.0,30.0,25.576923076923077,26.70416666666667,1.9874999999999998
2023.0,1.0,31.0,25.513286713286714,26.599999999999998,1.9874999999999998
2023.0,2.0,1.0,24.9296,26.599999999999998,1.8499999999999999
2023.0,2.0,2.0,25.663829787234043,26.679166666666664,1.575
2023.0,2.0,3.0,25.33875968992248,26.625,1.2541666666666667
2023.0,2.0,4.0,24.854263565891472,26.724999999999998,1.1125
2023.0,2.0,5.0,25.40909090909091,26.79166666666666,1.3833333333333335
2023.0,2.0,6.0,25.46412213740458,27.004166666666663,1.9708333333333334
2023.0,2.0,7.0,25.501418439716314,26.96666666666667,1.7666666666666666
2023.0,2.0,8.0,25.561764705882354,26.933333333333334,1.5416666666666667
2023.0,2.0,9.0,25.7125,26.78333333333333,2.5083333333333333
2023.0,2.0,10.0,25.720833333333335,26.695833333333336,2.5791666666666666
2023.0,2.0,11.0,25.262222222222224,26.679166666666664,2.0625
2023.0,2.0,12.0,25.46834532374101,26.75,1.6458333333333333
2023.0,2.0,13.0,24.99344262295082,26.666666666666668,1.3624999999999998
2023.0,2.0,14.0,25.069599999999998,26.604166666666668,1.0374999999999999
2023.0,2.0,15.0,25.20964912280702,26.520833333333332,1.0541666666666667
2023.0,2.0,16.0,25.46875,26.479166666666668,1.7541666666666664
2023.0,2.0,17.0,25.27013888888889,26.399999999999995,2.3375
2023.0,2.0,18.0,25.181159420289855,26.458333333333332,2.066666666666667
2023.0,2.0,19.0,25.189285714285713,26.5125,1.925
2023.0,2.0,20.0,25.131205673758863,26.508333333333336,1.5166666666666666
2023.0,2.0,21.0,24.950769230769232,26.60416666666667,1.5
2023.0,2.0,22.0,25.403937007874017,26.48333333333333,1.3416666666666666
2023.0,2.0,23.0,25.162857142857142,26.454166666666666,1.4208333333333332
2023.0,2.0,24.0,25.20149253731343,26.441666666666663,1.2958333333333334
2023.0,2.0,25.0,24.9177304964539,26.375,1.4124999999999999
2023.0,2.0,26.0,24.84,26.433333333333337,0.9958333333333331
2023.0,2.0,27.0,24.754135338345865,26.629166666666663,1.3291666666666666
2023.0,2.0,28.0,24.529464285714287,26.554166666666664,1.7708333333333333
2023.0,3.0,1.0,24.480152671755725,26.434782608695652,1.6043478260869564
2023.0,3.0,2.0,25.253333333333334,26.495833333333334,1.3499999999999999
2023.0,3.0,3.0,25.27537313432836,26.445833333333333,1.525
2023.0,3.0,4.0,25.410144927536233,26.45,1.625
2023.0,3.0,5.0,25.16068376068376,26.441666666666666,1.1916666666666667
2023.0,3.0,6.0,24.68064516129032,26.462499999999995,0.9124999999999999
2023.0,3.0,7.0,25.40948275862069,26.508333333333336,0.8173913043478261
2023.0,3.0,8.0,24.564,26.3625,1.2
2023.0,3.0,9.0,24.762096774193548,26.483333333333334,1.4666666666666668
2023.0,3.0,10.0,25.072992700729927,26.579166666666666,2.533333333333333
2023.0,3.0,11.0,24.578985507246376,26.566666666666663,2.641666666666667
2023.0,3.0,12.0,25.038655462184874,26.708333333333332,2.2
2023.0,3.0,13.0,25.355238095238096,26.754166666666663,1.2791666666666666
2023.0,3.0,14.0,25.21094890510949,26.554166666666664,1.9249999999999998
2023.0,3.0,15.0,25.37272727272727,26.362499999999997,1.8666666666666663
2023.0,3.0,16.0,25.368852459016395,26.416666666666668,1.3875
2023.0,3.0,17.0,24.697222222222223,26.395833333333332,2.2333333333333334
2023.0,3.0,18.0,24.744055944055944,26.14166666666667,2.3541666666666665
2023.0,3.0,19.0,25.1354609929078,26.104166666666668,1.9500000000000002
2023.0,3.0,20.0,25.436363636363637,26.195833333333336,1.5708333333333335
2023.0,3.0,21.0,25.532330827067668,26.291666666666668,1.3083333333333333
2023.0,3.0,22.0,25.520863309352517,26.325,1.3499999999999999
2023.0,3.0,23.0,25.42463768115942,26.354166666666668,1.375
2023.0,3.0,24.0,25.364341085271317,26.366666666666667,1.5791666666666668
2023.0,3.0,25.0,25.458333333333332,26.34166666666667,1.6875
2023.0,3.0,26.0,25.584285714285716,26.379166666666663,1.4958333333333333
2023.0,3.0,27.0,25.227142857142855,26.320833333333336,1.2958333333333334
2023.0,3.0,28.0,25.475187969924814,26.266666666666666,1.2458333333333333
2023.0,3.0,29.0,25.250746268656716,26.325,1.25
2023.0,3.0,30.0,25.288732394366196,26.28333333333333,0.9666666666666666
2023.0,3.0,31.0,25.72589928057554,26.337500000000002,1.0
2023.0,4.0,1.0,25.53687943262411,26.316666666666666,1.5208333333333333
2023.0,4.0,2.0,25.590140845070422,26.2625,1.7249999999999999
2023.0,4.0,3.0,25.470138888888886,26.408333333333335,1.6125
2023.0,4.0,4.0,25.584375,26.4375,1.2541666666666667
2023.0,4.0,5.0,25.461538461538463,26.491666666666664,1.3041666666666665
2023.0,4.0,6.0,25.133802816901408,26.266666666666666,1.4375
2023.0,4.0,7.0,24.54179104477612,26.083333333333332,1.2166666666666668
2023.0,4.0,8.0,23.48888888888889,25.945833333333336,1.3125
2023.0,4.0,9.0,25.245833333333334,26.041666666666668,1.375
2023.0,4.0,10.0,25.529770992366412,26.304166666666667,0.9708333333333332
2023.0,4.0,11.0,26.07608695652174,26.541666666666668,0.9291666666666667
2023.0,4.0,12.0,25.91159420289855,26.504166666666663,1.3541666666666667
2023.0,4.0,13.0,25.757638888888888,26.495833333333334,1.4749999999999999
2023.0,4.0,14.0,25.7,26.537499999999998,1.2375
2023.0,4.0,15.0,25.67638888888889,26.579166666666666,1.3458333333333332
2023.0,4.0,16.0,25.740972222222222,26.524999999999995,1.4458333333333335
2023.0,4.0,17.0,25.456643356643358,26.683333333333334,1.1541666666666668
2023.0,4.0,18.0,25.508823529411767,26.669565217391302,0.8260869565217391
2023.0,4.0,19.0,25.941860465116278,26.613636363636363,0.7909090909090909
2023.0,4.0,20.0,25.991549295774647,26.566666666666663,0.9333333333333331
2023.0,4.0,21.0,25.73888888888889,26.625,0.9166666666666666
2023.0,4.0,22.0,25.644444444444446,26.8125,0.8250000000000001
2023.0,4.0,23.0,25.46597222222222,27.037499999999998,0.6304347826086956
2023.0,4.0,24.0,25.316666666666666,27.212499999999995,0.7291666666666666
2023.0,4.0,25.0,26.125,27.462500000000002,1.0541666666666667
2023.0,4.0,26.0,26.066901408450704,27.358333333333334,1.1708333333333334
2023.0,4.0,27.0,26.643749999999997,27.6125,1.1416666666666666
2023.0,4.0,28.0,26.781944444444445,27.77916666666667,1.0791666666666668
2023.0,4.0,29.0,26.116666666666667,27.758333333333336,0.9500000000000001
2023.0,4.0,30.0,26.837857142857143,27.504166666666666,0.9208333333333333
2023.0,5.0,1.0,28.33642857142857,27.375,0.9750000000000001
2023.0,5.0,2.0,27.461870503597122,27.383333333333333,0.9125000000000002
2023.0,5.0,3.0,27.270921985815605,27.5625,0.9249999999999999
2023.0,5.0,4.0,28.15277777777778,27.645833333333332,0.8958333333333334
2023.0,5.0,5.0,28.190070921985818,27.6375,0.8958333333333334
2023.0,5.0,6.0,27.50354609929078,27.7125,1.0458333333333334
2023.0,5.0,7.0,27.058273381294963,27.987499999999997,0.9083333333333332
2023.0,5.0,8.0,27.182978723404254,27.962500000000002,1.1208333333333333
2023.0,5.0,9.0,27.76901408450704,27.833333333333332,1.175
2023.0,5.0,10.0,27.899295774647886,27.55,0.9375
2023.0,5.0,11.0,27.27062937062937,27.60833333333333,0.775
2023.0,5.0,12.0,26.907092198581562,27.945833333333333,0.775
2023.0,5.0,13.0,26.345138888888886,27.95416666666667,0.8500000000000001
2023.0,5.0,14.0,26.997101449275362,27.59583333333333,1.0374999999999999
2023.0,5.0,15.0,27.205555555555556,27.379166666666666,0.9375
2023.0,5.0,16.0,26.911347517730498,27.629166666666663,0.7583333333333333
2023.0,5.0,17.0,27.764335664335665,28.28333333333333,0.6875
2023.0,5.0,18.0,27.734027777777776,28.533333333333335,0.6916666666666665
2023.0,5.0,19.0,27.2006993006993,28.433333333333337,0.7625000000000001
2023.0,5.0,20.0,27.40070422535211,28.166666666666668,0.8916666666666667
2023.0,5.0,21.0,27.652083333333334,27.891666666666666,1.0291666666666668
2023.0,5.0,22.0,27.575000000000003,27.925,1.1125
2023.0,5.0,23.0,27.117361111111112,28.287499999999998,1.1541666666666668
2023.0,5.0,24.0,27.149295774647886,28.462499999999995,1.0250000000000001
2023.0,5.0,25.0,27.685416666666665,28.595833333333335,1.1291666666666667
2023.0,5.0,26.0,28.028057553956835,28.583333333333332,1.0416666666666667
2023.0,5.0,27.0,28.167625899280576,28.68333333333333,1.0166666666666666
2023.0,5.0,28.0,27.974285714285713,28.63333333333334,1.0666666666666667
2023.0,5.0,29.0,27.59020979020979,28.354166666666668,0.9208333333333333
2023.0,5.0,30.0,27.155147058823527,28.22083333333333,0.8291666666666666
2023.0,5.0,31.0,27.974285714285713,28.354166666666668,0.9166666666666666
2023.0,6.0,1.0,28.58811188811189,28.375,0.7708333333333334
2023.0,6.0,2.0,29.3125,28.3125,0.6
2023.0,6.0,3.0,29.73916083916084,28.379166666666666,0.5416666666666666
2023.0,6.0,4.0,30.2290780141844,28.691666666666663,0.41250000000000003
2023.0,6.0,5.0,30.20212765957447,28.783333333333335,0.3833333333333333
2023.0,6.0,6.0,29.692753623188402,28.90833333333333,0.4083333333333333
2023.0,6.0,7.0,29.450000000000003,28.904166666666665,0.5791666666666667
2023.0,6.0,8.0,29.558156028368792,28.94166666666667,0.725
2023.0,6.0,9.0,29.29558823529412,28.829166666666666,0.7999999999999999
2023.0,6.0,10.0,28.61,28.779166666666665,0.8375
2023.0,6.0,11.0,28.52638888888889,28.683333333333337,0.7666666666666666
2023.0,6.0,12.0,28.453956834532374,28.745833333333337,0.8916666666666667
2023.0,6.0,13.0,28.23142857142857,28.61666666666666,0.9208333333333333
2023.0,6.0,14.0,28.762406015037598,28.4375,0.9333333333333331
2023.0,6.0,15.0,28.682481751824817,28.612499999999997,0.9750000000000001
2023.0,6.0,16.0,28.567153284671534,28.791666666666668,0.7791666666666668
2023.0,6.0,17.0,28.360144927536233,28.8125,0.7708333333333334
2023.0,6.0,18.0,27.898581560283688,28.69166666666667,0.6749999999999999
2023.0,6.0,19.0,28.297744360902257,28.704166666666666,0.6583333333333333
2023.0,6.0,20.0,28.32657342657343,28.870833333333337,0.6458333333333334
2023.0,6.0,21.0,28.43617021276596,28.837499999999995,0.9416666666666667
2023.0,6.0,22.0,28.62676056338028,28.730434782608693,1.0869565217391304
2023.0,6.0,23.0,28.423571428571428,28.639130434782615,1.075
2023.0,6.0,24.0,27.834074074074074,28.2375,1.0375
2023.0,6.0,25.0,28.124305555555555,28.62916666666667,0.8083333333333332
2023.0,6.0,26.0,28.406766917293233,29.029166666666665,0.7958333333333334
2023.0,6.0,27.0,28.536296296296296,29.325000000000003,0.8166666666666668
2023.0,6.0,28.0,28.436842105263157,29.529166666666665,0.7166666666666667
2023.0,6.0,29.0,27.648591549295773,29.241666666666674,0.6541666666666667
2023.0,6.0,30.0,29.335416666666667,29.19583333333334,0.6
2023.0,7.0,1.0,28.971527777777776,29.295833333333334,0.6458333333333334
2023.0,7.0,2.0,28.77846153846154,29.450000000000003,0.7416666666666667
2023.0,7.0,3.0,28.78611111111111,29.174999999999997,0.7624999999999998
2023.0,7.0,4.0,28.63472222222222,28.833333333333332,1.1208333333333333
2023.0,7.0,5.0,28.650704225352115,28.80416666666666,1.0333333333333332
2023.0,7.0,6.0,28.703496503496506,28.81666666666667,0.9791666666666666
2023.0,7.0,7.0,28.52695035460993,29.05416666666666,0.9083333333333334
2023.0,7.0,8.0,28.085507246376814,29.141666666666666,0.9041666666666666
2023.0,7.0,9.0,27.617730496453902,29.00416666666667,0.8375
2023.0,7.0,10.0,28.670370370370375,29.154166666666665,1.1333333333333335
2023.0,7.0,11.0,28.987499999999997,29.30833333333333,1.2041666666666668
2023.0,7.0,12.0,28.662043795620438,29.299999999999994,1.25
2023.0,7.0,13.0,28.51985294117647,29.145833333333332,1.0458333333333334
2023.0,7.0,14.0,28.732167832167832,29.012500000000003,0.9375
2023.0,7.0,15.0,28.696323529411764,29.166666666666668,1.05
2023.0,7.0,16.0,28.673188405797102,29.3,1.0083333333333333
2023.0,7.0,17.0,28.710563380281688,29.150000000000002,1.0916666666666666
2023.0,7.0,18.0,28.778169014084508,29.00833333333334,1.1375
2023.0,7.0,19.0,28.95069444444444,28.904166666666665,1.2583333333333335
2023.0,7.0,20.0,28.666176470588237,28.762500000000003,1.1458333333333333
2023.0,7.0,21.0,28.59051094890511,28.9625,0.875
2023.0,7.0,22.0,28.777142857142856,29.262500000000003,0.7416666666666667
2023.0,7.0,23.0,28.703305785123966,29.225000000000005,0.7791666666666667
2023.0,7.0,24.0,28.771014492753622,29.145833333333332,0.9333333333333331
2023.0,7.0,25.0,28.427777777777777,28.966666666666665,1.3083333333333333
2023.0,7.0,26.0,28.473913043478262,28.908333333333335,1.1708333333333334
2023.0,7.0,27.0,28.546610169491526,28.76666666666667,0.9833333333333333
2023.0,7.0,28.0,28.68849557522124,28.950000000000003,1.0625
2023.0,7.0,29.0,28.724409448818896,29.262500000000003,1.1291666666666667
2023.0,7.0,30.0,28.7424,29.404166666666665,0.9750000000000001
2023.0,7.0,31.0,28.753435114503816,29.570833333333333,0.8958333333333334
2023.0,8.0,1.0,28.347747747747746,29.575000000000003,0.775
2023.0,8.0,2.0,28.42013888888889,29.766666666666666,0.6166666666666666
2023.0,8.0,3.0,28.40806451612903,29.954166666666666,0.6999999999999998
2023.0,8.0,4.0,28.944615384615386,30.004166666666663,0.7250000000000001
2023.0,8.0,5.0,28.856349206349208,29.895833333333332,0.9458333333333333
2023.0,8.0,6.0,29.129927007299273,29.64166666666667,1.2583333333333335
2023.0,8.0,7.0,28.95944055944056,29.31666666666667,1.5083333333333335
2023.0,8.0,8.0,28.74477611940298,29.299999999999997,1.4083333333333332
2023.0,8.0,9.0,28.869354838709675,29.466666666666665,1.2041666666666666
2023.0,8.0,10.0,29.70485436893204,29.654166666666665,1.1916666666666667
2023.0,8.0,11.0,29.165094339622645,29.700000000000003,0.9958333333333333
2023.0,8.0,12.0,29.128813559322037,29.770833333333332,0.9666666666666666
2023.0,8.0,13.0,28.924999999999997,29.6875,1.0416666666666667
2023.0,8.0,14.0,29.1515873015873,29.650000000000002,1.2291666666666667
2023.0,8.0,15.0,29.364566929133854,29.691666666666663,1.4666666666666668
2023.0,8.0,16.0,29.340869565217393,29.770833333333332,1.3666666666666665
2023.0,8.0,17.0,28.981147540983606,29.791304347826085,1.3956521739130432
2023.0,8.0,18.0,28.933093525179856,29.73333333333333,1.675
2023.0,8.0,19.0,29.297222222222224,29.533333333333335,1.5791666666666668
2023.0,8.0,20.0,28.970138888888886,29.35833333333333,1.6333333333333335
2023.0,8.0,21.0,27.665000000000003,29.212500000000002,1.2541666666666667
2023.0,8.0,22.0,27.123664122137406,29.334782608695654,0.908695652173913
2023.0,8.0,23.0,29.26277372262774,29.504166666666663,0.8416666666666667
2023.0,8.0,24.0,29.574683544303802,29.72083333333333,0.6333333333333333
2023.0,8.0,25.0,29.15625,29.670833333333334,0.6791666666666667
2023.0,8.0,26.0,28.737735849056605,29.57916666666667,0.8666666666666667
2023.0,8.0,27.0,30.741818181818182,29.666666666666668,0.7666666666666666
2023.0,8.0,28.0,31.79012345679012,29.762500000000003,0.7041666666666666
2023.0,8.0,29.0,29.91525423728813,29.8125,0.6749999999999999
2023.0,8.0,30.0,29.452577319587625,29.958333333333332,0.7541666666666667
2023.0,8.0,31.0,29.13225806451613,29.950000000000003,1.1833333333333333
2023.0,9.0,1.0,28.68558558558559,29.912499999999998,0.9583333333333334
2023.0,9.0,2.0,29.405737704918035,30.020833333333332,0.8625000000000002
2023.0,9.0,3.0,29.65604395604396,29.974999999999998,1.5333333333333332
2023.0,9.0,4.0,28.98061224489796,29.88333333333334,2.0541666666666667
2023.0,9.0,5.0,29.043884892086332,29.895833333333332,1.7208333333333332
2023.0,9.0,6.0,28.499242424242425,29.970833333333335,1.5916666666666668
2023.0,9.0,7.0,28.730232558139537,29.887500000000003,1.2
2023.0,9.0,8.0,28.760330578512395,29.916666666666668,1.0041666666666667
2023.0,9.0,9.0,29.36116504854369,30.141666666666666,0.9875000000000002
2023.0,9.0,10.0,29.55882352941176,30.24166666666666,1.2
2023.0,9.0,11.0,29.19651162790698,30.4,1.9083333333333332
2023.0,9.0,12.0,29.18584905660377,30.36666666666666,1.8416666666666666
2023.0,9.0,13.0,31.532307692307693,30.291666666666668,2.275
2023.0,9.0,14.0,31.03620689655172,30.395833333333336,1.5541666666666665
2023.0,9.0,15.0,29.570408163265306,30.316666666666663,1.4124999999999999
2023.0,9.0,16.0,29.2064,30.387500000000003,1.4541666666666666
2023.0,9.0,17.0,29.280869565217394,30.333333333333332,1.75
2023.0,9.0,18.0,29.1384,30.354166666666668,2.0875
2023.0,9.0,19.0,29.262222222222224,30.404166666666665,1.7166666666666668
2023.0,9.0,20.0,29.228395061728392,30.420833333333338,1.5458333333333334
2023.0,9.0,21.0,28.831666666666667,30.275000000000002,1.3166666666666667
2023.0,9.0,22.0,28.733571428571427,30.00416666666667,1.2583333333333333
2023.0,9.0,23.0,28.74741379310345,29.94166666666667,1.1791666666666665
2023.0,9.0,24.0,29.323622047244093,30.020833333333332,1.2
2023.0,9.0,25.0,29.487234042553194,30.049999999999997,1.1083333333333334
2023.0,9.0,26.0,29.570270270270274,30.212500000000002,1.1333333333333333
2023.0,9.0,27.0,29.08712871287129,30.220833333333335,1.1791666666666667
2023.0,9.0,28.0,29.169014084507044,30.287500000000005,1.1708333333333334
2023.0,9.0,29.0,29.694495412844038,30.475,1.1958333333333333
2023.0,9.0,30.0,29.623076923076926,30.395833333333332,1.7291666666666667
2023.0,10.0,1.0,28.638636363636365,30.154166666666665,1.5916666666666668
2023.0,10.0,2.0,29.625252525252524,30.18333333333333,1.3833333333333335
2023.0,10.0,3.0,28.607692307692307,30.370833333333337,1.1833333333333333
2023.0,10.0,4.0,28.770289855072463,30.15833333333333,1.0791666666666668
2023.0,10.0,5.0,28.99503546099291,29.9875,0.9249999999999999
2023.0,10.0,6.0,30.043750000000003,30.11666666666666,0.7583333333333333
2023.0,10.0,7.0,30.202777777777776,30.095833333333335,0.6708333333333334
2023.0,10.0,8.0,29.64748201438849,30.091666666666665,0.6166666666666666
2023.0,10.0,9.0,29.60578512396694,30.104166666666668,0.8375
2023.0,10.0,10.0,29.146236559139783,30.225000000000005,1.3291666666666666
2023.0,10.0,11.0,28.62520325203252,30.162500000000005,1.3374999999999997
2023.0,10.0,12.0,29.000943396226415,30.204166666666666,1.0583333333333333
2023.0,10.0,13.0,29.224742268041236,30.212500000000002,0.8791666666666665
2023.0,10.0,14.0,29.133333333333333,30.387500000000006,0.6416666666666667
2023.0,10.0,15.0,30.292537313432838,30.49583333333333,0.48750000000000004
2023.0,10.0,16.0,30.54385964912281,30.470833333333335,0.6541666666666666
2023.0,10.0,17.0,29.671604938271603,30.433333333333337,0.5916666666666667
2023.0,10.0,18.0,28.8755905511811,30.412499999999998,0.8041666666666667
2023.0,10.0,19.0,29.1712,30.433333333333337,0.9125000000000001
2023.0,10.0,20.0,28.481308411214954,30.370833333333334,1.4291666666666667
2023.0,10.0,21.0,29.00166666666667,30.02916666666667,1.3374999999999997
2023.0,10.0,22.0,27.656756756756756,29.862499999999997,1.1500000000000001
2023.0,10.0,23.0,28.15666666666667,29.941666666666666,1.1125
2023.0,10.0,24.0,29.02048192771084,30.179166666666667,1.2291666666666667
2023.0,10.0,25.0,27.64029850746269,30.041666666666668,1.6041666666666667
2023.0,10.0,26.0,27.139230769230767,29.995833333333337,2.725
2023.0,10.0,27.0,26.862204724409448,29.849999999999998,2.845833333333333
2023.0,10.0,28.0,27.887903225806454,29.537500000000005,2.5208333333333335
2023.0,10.0,29.0,28.45576923076923,29.520833333333332,1.4916666666666665
2023.0,10.0,30.0,27.7,29.495833333333337,1.0333333333333334
2023.0,10.0,31.0,29.372631578947367,29.816666666666663,0.8416666666666667
2023.0,11.0,1.0,28.814999999999998,29.799999999999997,0.8874999999999998
2023.0,11.0,2.0,28.402608695652177,29.650000000000002,0.8874999999999998
2023.0,11.0,3.0,28.393700787401574,29.5125,1.1375
2023.0,11.0,4.0,28.464485981308414,29.291666666666668,1.6416666666666668
2023.0,11.0,5.0,28.394505494505495,29.549999999999997,1.575
2023.0,11.0,6.0,27.761855670103092,29.73913043478261,1.182608695652174
2023.0,11.0,7.0,27.755555555555556,29.82083333333334,1.05
2023.0,11.0,8.0,27.72248062015504,29.704166666666662,0.9583333333333334
2023.0,11.0,9.0,27.893805309734514,29.650000000000002,0.9458333333333334
2023.0,11.0,10.0,27.941,29.400000000000002,1.1541666666666668
2023.0,11.0,11.0,28.46068376068376,29.291666666666668,1.4166666666666667
2023.0,11.0,12.0,28.404054054054054,29.200000000000003,1.4708333333333332
2023.0,11.0,13.0,27.956338028169014,29.308333333333337,1.2625
2023.0,11.0,14.0,28.048461538461538,29.35833333333333,0.9249999999999999
2023.0,11.0,15.0,27.97126436781609,29.279166666666665,0.9250000000000002
2023.0,11.0,16.0,27.98796992481203,29.204166666666662,1.1375
2023.0,11.0,17.0,28.21759259259259,29.09583333333333,1.38
2023.0,11.0,18.0,29.61066666666667,29.145833333333332,1.3199999999999998
2023.0,11.0,19.0,30.017741935483873,29.0625,1.26
2023.0,11.0,20.0,27.069696969696967,28.96666666666667,1.2
2023.0,11.0,21.0,27.155319148936172,28.925,1.0944444444444446
2023.0,11.0,22.0,27.192741935483873,28.837499999999995,1.9166666666666667
2023.0,11.0,23.0,26.417073170731705,28.679166666666667,2.1666666666666665
2023.0,11.0,24.0,26.854807692307695,28.82083333333334,1.9291666666666663
2023.0,11.0,25.0,27.054225352112677,28.891666666666666,1.4458333333333335
2023.0,11.0,26.0,26.965740740740742,28.845454545454547,1.2636363636363637
2023.0,11.0,27.0,26.87878787878788,28.762500000000003,1.2083333333333333
2023.0,11.0,28.0,26.64235294117647,28.683333333333337,0.9874999999999999
2023.0,11.0,29.0,27.073015873015873,28.670833333333334,0.8416666666666667
2023.0,11.0,30.0,27.06161616161616,28.57083333333333,0.8375
2023.0,12.0,1.0,27.563076923076924,28.462499999999995,1.1958333333333333
2023.0,12.0,2.0,27.50531914893617,28.3875,1.5416666666666667
2023.0,12.0,3.0,27.25373134328358,28.325,1.4750000000000003
2023.0,12.0,4.0,27.4703125,28.458333333333332,1.5125
2023.0,12.0,5.0,27.45042735042735,28.429166666666664,1.4625000000000001
2023.0,12.0,6.0,27.265384615384615,28.370833333333334,1.075
2023.0,12.0,7.0,27.025454545454547,28.556521739130435,0.7166666666666667
2023.0,12.0,8.0,27.33820224719101,28.495833333333326,1.3291666666666668
2023.0,12.0,9.0,27.81888111888112,28.279166666666665,2.4125
2023.0,12.0,10.0,26.72463768115942,28.099999999999998,2.345833333333333
2023.0,12.0,11.0,26.662650602409638,27.991666666666664,1.9333333333333331
2023.0,12.0,12.0,27.32265625,28.020833333333332,1.9625000000000001
2023.0,12.0,13.0,27.196350364963504,27.995833333333337,2.5416666666666665
2023.0,12.0,14.0,26.64855072463768,27.71666666666667,2.65
2023.0,12.0,15.0,25.71760563380282,27.57916666666667,2.15
2023.0,12.0,16.0,25.3801724137931,27.337500000000002,2.2416666666666667
2023.0,12.0,17.0,26.147368421052633,27.666666666666668,2.308333333333333
2023.0,12.0,18.0,26.101388888888884,27.608333333333334,2.2291666666666665
2023.0,12.0,19.0,26.415957446808513,27.729166666666668,1.9958333333333331
2023.0,12.0,20.0,25.5609756097561,27.820833333333336,2.2958333333333334
2023.0,12.0,21.0,26.22948717948718,27.98333333333333,2.5166666666666666
2023.0,12.0,22.0,25.027,27.975000000000005,2.5083333333333333
2023.0,12.0,23.0,25.583739837398376,27.8125,2.125
2023.0,12.0,24.0,25.45744680851064,27.808333333333334,2.0749999999999997
2023.0,12.0,25.0,25.465476190476192,27.808333333333334,1.7739130434782608
2023.0,12.0,26.0,25.099999999999998,27.741666666666664,1.4458333333333335
2023.0,12.0,27.0,25.49411764705882,27.7625,1.2958333333333334
2023.0,12.0,28.0,25.529166666666665,27.775000000000002,1.3374999999999997
2023.0,12.0,29.0,25.33732394366197,27.816666666666666,1.1833333333333333
2023.0,12.0,30.0,25.756643356643355,27.65833333333333,1.0916666666666666
2023.0,12.0,31.0,25.808450704225354,27.59583333333333,1.2541666666666667
