#YY,MM,DD,WVHT,ATMP,WTMP
2019,1,1,0.93,14.4,15.6
2019,1,2,1.3,13.3,15.8
2019,1,3,2.09,15.3,15.6
2019,1,4,1.19,10.4,15.3
2019,1,5,0.74,13.6,13.7
2019,1,6,0.4,16.6,15.6
2019,1,7,1.21,16.8,14.6
2019,1,8,0.96,16.9,15.1
2019,1,9,1.45,13.6,15.2
2019,1,10,0.88,13.2,14.7
2019,1,11,0.7,16.7,16.3
2019,1,12,1.55,16.6,15.9
2019,1,13,1.1,11.6,15.8
2019,1,14,0.85,9.9,15.6
2019,1,15,0.55,10.1,15.6
2019,1,16,0.76,16.0,15.8
2019,1,17,1.14,17.1,15.4
2019,1,18,0.84,16.1,15.9
2019,1,19,2.09,13.1,15.6
2019,1,20,1.81,9.3,15.2
2019,1,21,0.97,15.6,14.7
2019,1,22,2.26,17.4,14.6
2019,1,23,2.36,11.0,999.0
2019,1,24,1.24,9.2,14.6
2019,1,25,0.66,12.8,13.9
2019,1,26,0.93,14.2,13.5
2019,1,27,0.78,11.2,13.3
2019,1,28,0.78,16.1,14.6
2019,1,29,1.97,7.4,14.2
2019,1,30,1.17,10.7,14.7
2019,1,31,1.66,15.0,14.6
2019,2,1,1.68,16.0,14.7
2019,2,2,1.17,15.2,14.6
2019,2,3,0.8,15.6,15.0
2019,2,4,0.53,16.7,15.1
2019,2,5,0.4,18.0,15.8
2019,2,6,0.89,18.1,16.5
2019,2,7,1.43,15.2,15.7
2019,2,8,1.57,6.4,15.1
2019,2,9,1.4,7.9,15.3
2019,2,10,1.66,14.4,15.2
2019,2,11,1.05,17.2,15.7
2019,2,12,0.92,16.7,16.7
2019,2,13,0.96,13.2,15.3
2019,2,14,1.29,17.4,15.8
2019,2,15,1.12,17.5,16.4
2019,2,16,0.92,18.4,16.7
2019,2,17,1.31,13.4,16.6
2019,2,18,2.3,12.7,16.0
2019,2,19,2.38,14.4,16.1
2019,2,20,1.21,17.9,16.1
2019,2,21,1.37,14.3,16.4
2019,2,22,0.96,15.4,16.3
2019,2,23,0.92,19.3,17.7
2019,2,24,1.06,12.5,16.0
2019,2,25,1.73,14.6,16.9
2019,2,26,1.64,16.4,16.1
2019,2,27,1.28,17.6,16.4
2019,2,28,0.69,14.2,17.7
2019,3,1,0.8,12.0,17.2
2019,3,2,0.64,18.0,17.7
2019,3,3,1.44,13.2,17.8
2019,3,4,1.64,6.3,17.2
2019,3,5,1.44,2.9,16.6
2019,3,6,0.94,10.5,16.4
2019,3,7,1.18,17.9,16.6
2019,3,8,1.23,18.3,16.2
2019,3,9,1.38,19.9,17.4
2019,3,10,1.12,18.9,16.3
2019,3,11,0.71,19.9,18.8
2019,3,12,1.23,18.8,17.8
2019,3,13,2.22,20.3,18.5
2019,3,14,2.05,20.8,18.5
2019,3,15,1.58,16.7,18.9
2019,3,16,1.35,13.9,17.9
2019,3,17,0.94,13.7,17.7
2019,3,18,1.15,16.7,17.5
2019,3,19,1.25,16.7,17.1
2019,3,20,0.93,17.1,17.2
2019,3,21,0.51,15.9,17.0
2019,3,22,0.37,18.0,17.3
2019,3,23,0.75,19.2,18.3
2019,3,24,0.84,18.7,18.5
2019,3,25,0.71,19.4,18.8
2019,3,26,1.12,17.8,18.6
2019,3,27,1.31,17.0,18.9
2019,3,28,0.9,18.8,18.5
2019,3,29,1.07,20.0,19.1
2019,3,30,1.03,20.0,19.5
2019,3,31,1.73,12.1,19.2
2019,4,1,1.15,12.4,18.7
2019,4,2,0.72,13.1,18.4
2019,4,3,1.23,18.8,18.4
2019,4,4,1.56,19.3,18.4
2019,4,5,1.01,19.6,18.8
2019,4,6,0.77,20.4,18.9
2019,4,7,1.36,19.9,19.1
2019,4,8,1.6,20.2,19.1
2019,4,9,0.68,22.3,19.7
2019,4,10,0.73,22.5,22.2
2019,4,11,1.78,21.2,20.1
2019,4,12,1.69,21.5,20.8
2019,4,13,1.61,22.4,21.3
2019,4,14,1.88,12.2,20.5
2019,4,15,0.75,20.8,20.8
2019,4,16,1.32,20.9,20.5
2019,4,17,1.24,21.2,20.6
2019,4,18,1.85,22.2,21.1
2019,4,19,1.34,20.4,21.1
2019,4,20,1.12,20.7,20.9
2019,4,21,1.21,21.2,21.0
2019,4,22,1.38,20.9,20.8
2019,4,23,1.33,21.3,21.2
2019,4,24,1.19,21.4,21.3
2019,4,25,1.16,22.4,21.7
2019,4,26,0.73,22.7,22.2
2019,4,27,0.61,23.1,23.4
2019,4,28,0.87,22.7,22.9
2019,4,29,1.24,22.7,22.7
2019,4,30,1.52,24.2,23.5
2019,5,1,1.46,23.9,23.4
2019,5,2,1.68,24.3,23.8
2019,5,3,1.19,24.3,24.2
2019,5,4,0.91,21.0,24.2
2019,5,5,0.91,23.5,24.2
2019,5,6,0.67,24.5,25.1
2019,5,7,1.12,25.1,25.4
2019,5,8,1.62,25.4,25.4
2019,5,9,1.63,25.7,25.7
2019,5,10,2.14,20.6,24.7
2019,5,11,1.29,24.1,24.8
2019,5,12,1.0,21.4,24.3
2019,5,13,0.79,22.4,24.3
2019,5,14,0.97,25.0,25.2
2019,5,15,1.27,24.5,24.8
2019,5,16,0.95,24.2,25.0
2019,5,17,1.03,25.5,25.6
2019,5,18,1.39,26.1,25.8
2019,5,19,1.52,26.0,25.5
2019,5,20,1.4,26.4,26.0
2019,5,21,2.56,26.2,25.9
2019,5,22,1.79,26.6,26.9
2019,5,23,2.05,26.6,26.6
2019,5,24,1.76,26.5,26.5
2019,5,25,1.31,26.5,26.7
2019,5,26,1.26,26.3,26.9
2019,5,27,1.33,26.6,27.1
2019,5,28,1.44,27.3,27.4
2019,5,29,1.78,26.8,27.3
2019,5,30,1.4,27.4,28.5
2019,5,31,0.92,27.6,29.0
2019,6,1,0.76,27.5,28.8
2019,6,2,0.52,28.1,29.3
2019,6,3,0.59,28.4,29.5
2019,6,4,0.93,25.0,29.4
2019,6,5,2.43,27.9,28.4
2019,6,6,2.5,28.5,28.6
2019,6,7,1.18,28.7,28.8
2019,6,8,1.01,29.4,29.4
2019,6,9,0.59,29.4,29.2
2019,6,10,0.79,28.1,29.4
2019,6,11,1.27,26.7,29.2
2019,6,12,0.64,26.8,29.2
2019,6,13,0.31,27.6,29.2
2019,6,14,0.66,28.6,29.7
2019,6,15,1.51,29.1,28.9
2019,6,16,1.79,29.0,29.4
2019,6,17,1.73,24.1,29.3
2019,6,18,0.9,28.2,29.2
2019,6,19,0.88,29.5,29.9
2019,6,20,1.38,29.4,29.4
2019,6,21,1.5,29.7,29.7
2019,6,22,1.77,29.3,29.4
2019,6,24,2.15,24.5,28.6
2019,6,25,1.55,25.7,28.3
2019,6,26,1.4,28.7,28.1
2019,6,27,1.02,28.7,28.2
2019,6,28,0.64,28.8,28.8
2019,6,29,0.74,23.8,29.1
2019,6,30,0.61,27.7,28.9
2019,7,1,0.86,28.1,28.6
2019,7,2,0.92,26.0,29.0
2019,7,3,1.4,27.8,28.5
2019,7,4,1.35,29.1,28.7
2019,7,5,1.08,29.9,29.4
2019,7,6,0.79,29.3,999.0
2019,7,7,0.47,29.9,30.0
2019,7,8,0.56,30.0,29.5
2019,7,9,0.85,29.7,29.8
2019,7,10,0.69,29.5,30.2
2019,7,11,0.74,28.9,29.7
2019,7,12,0.87,32.4,30.1
2019,7,13,1.11,28.0,29.6
2019,7,14,2.78,27.8,29.2
2019,7,15,1.92,28.8,29.2
2019,7,16,1.28,29.8,29.3
2019,7,17,0.98,29.7,29.1
2019,7,18,0.89,29.7,999.0
2019,7,19,0.79,30.1,999.0
2019,7,20,0.84,30.0,999.0
2019,7,21,1.27,26.8,999.0
2019,7,22,1.03,28.5,999.0
2019,7,23,0.83,28.4,999.0
2019,7,24,1.48,27.3,999.0
2019,7,25,1.18,28.0,999.0
2019,7,26,1.06,31.2,999.0
2019,7,27,0.86,29.1,999.0
2019,7,28,0.85,29.1,999.0
2019,7,29,0.86,29.2,999.0
2019,7,30,0.93,29.2,999.0
2019,7,31,0.73,24.4,999.0
2019,8,1,0.46,29.0,999.0
2019,8,2,0.32,29.3,999.0
2019,8,3,0.29,30.2,999.0
2019,8,4,0.37,29.8,999.0
2019,8,5,0.61,29.4,999.0
2019,8,6,0.65,30.2,999.0
2019,8,7,0.85,30.2,999.0
2019,8,8,1.08,30.5,999.0
2019,8,9,1.24,31.5,999.0
2019,8,10,0.93,30.5,999.0
2019,8,11,0.91,30.6,999.0
2019,8,12,0.81,30.4,999.0
2019,8,13,0.78,30.7,999.0
2019,8,14,0.68,30.5,999.0
2019,8,15,0.55,29.9,999.0
2019,8,16,0.46,30.4,999.0
2019,8,17,0.83,30.5,999.0
2019,8,18,1.33,31.1,999.0
2019,8,19,1.22,31.0,999.0
2019,8,20,0.98,31.0,999.0
2019,8,21,0.72,30.5,999.0
2019,8,22,0.97,29.3,999.0
2019,8,23,1.07,27.8,999.0
2019,8,24,1.3,28.5,999.0
2019,8,25,1.08,29.0,999.0
2019,8,26,1.12,30.5,999.0
2019,8,27,1.26,30.2,999.0
2019,8,28,0.94,30.5,999.0
2019,8,29,0.64,30.6,999.0
2019,8,30,0.46,30.0,999.0
2019,8,31,0.48,29.9,999.0
2019,9,1,0.93,30.7,999.0
2019,9,2,1.09,29.8,999.0
2019,9,3,1.15,30.8,999.0
2019,9,4,1.07,31.5,999.0
2019,9,5,0.98,31.6,999.0
2019,9,6,0.57,31.9,999.0
2019,9,7,0.47,31.0,999.0
2019,9,8,0.61,29.8,999.0
2019,9,9,0.72,31.0,999.0
2019,9,10,0.66,30.6,999.0
2019,9,11,0.86,31.1,999.0
2019,9,12,0.89,30.6,999.0
2019,9,13,0.98,30.2,999.0
2019,9,14,0.96,30.4,999.0
2019,9,15,1.29,29.7,999.0
2019,9,16,1.46,26.7,999.0
2019,9,17,1.67,28.5,999.0
2019,9,18,1.95,26.8,999.0
2019,9,19,2.05,29.9,999.0
2019,9,20,1.57,28.2,999.0
2019,9,21,1.45,29.1,999.0
2019,9,22,1.45,29.3,999.0
2019,9,23,1.1,29.2,999.0
2019,9,24,0.95,29.1,999.0
2019,9,25,0.83,28.7,999.0
2019,9,26,0.63,29.4,999.0
2019,9,27,0.89,29.7,999.0
2019,9,28,1.21,29.7,999.0
2019,9,29,1.48,29.2,999.0
2019,9,30,1.21,29.3,999.0
2019,10,1,1.26,29.3,999.0
2019,10,2,1.16,29.6,999.0
2019,10,3,0.89,30.4,999.0
2019,10,4,0.83,30.1,999.0
2019,10,5,0.67,30.5,999.0
2019,10,6,0.68,30.3,999.0
2019,10,7,0.94,27.5,999.0
2019,10,8,1.4,24.9,999.0
2019,10,9,0.57,26.5,999.0
2019,10,10,1.07,29.3,999.0
2019,10,11,1.67,19.6,999.0
2019,10,12,1.86,18.1,999.0
2019,10,13,0.76,21.4,999.0
2019,10,14,0.85,28.0,999.0
2019,10,15,0.83,29.6,999.0
2019,10,16,1.12,22.5,999.0
2019,10,17,1.2,22.7,999.0
2019,10,18,1.18,23.1,999.0
2019,10,19,0.88,28.2,999.0
2019,10,20,0.96,29.0,999.0
2019,10,21,2.3,26.2,999.0
2019,10,22,1.25,23.5,999.0
2019,10,23,1.7,25.0,999.0
2019,10,24,1.58,25.0,999.0
2019,10,25,2.52,25.8,999.0
2019,10,26,1.66,15.6,999.0
2019,10,27,0.53,19.7,999.0
2019,10,28,1.17,22.2,999.0
2019,10,29,1.52,24.8,999.0
2019,10,30,1.47,24.6,999.0
2019,10,31,2.13,13.3,999.0
2019,11,1,1.12,14.1,999.0
2019,11,2,0.71,16.5,999.0
2019,11,3,1.13,18.9,999.0
2019,11,4,1.34,23.0,999.0
2019,11,5,0.97,24.0,999.0
2019,11,6,1.04,22.7,999.0
2019,11,7,0.87,21.8,999.0
2019,11,8,1.42,15.3,999.0
2019,11,9,1.17,14.0,999.0
2019,11,10,0.56,19.7,999.0
2019,11,11,0.87,26.7,999.0
2019,11,12,2.34,13.1,999.0
2019,11,13,1.43,11.5,999.0
2019,11,14,1.53,16.5,999.0
2019,11,15,1.37,14.6,999.0
2019,11,16,0.86,17.9,999.0
2019,11,17,0.4,999.0,999.0
2019,11,18,0.23,999.0,999.0
2019,11,19,0.2,999.0,999.0
2019,11,20,1.23,999.0,999.0
2019,11,21,1.72,999.0,999.0
2019,11,22,1.3,999.0,999.0
2019,11,23,1.05,999.0,999.0
2019,11,24,0.7,999.0,999.0
2019,11,25,0.7,999.0,999.0
2019,11,26,1.37,999.0,999.0
2019,11,27,1.67,999.0,999.0
2019,11,28,1.79,999.0,999.0
2019,11,29,1.1,999.0,999.0
2019,11,30,1.28,999.0,999.0
2019,12,1,1.27,999.0,999.0
2019,12,2,1.0,999.0,999.0
2019,12,3,0.59,999.0,999.0
2019,12,4,0.33,999.0,999.0
2019,12,5,0.26,999.0,999.0
2019,12,6,0.64,999.0,999.0
2019,12,7,0.9,999.0,999.0
2019,12,8,0.55,999.0,999.0
2019,12,9,1.11,999.0,999.0
2019,12,10,2.22,999.0,999.0
2019,12,11,2.34,999.0,999.0
2019,12,12,1.66,999.0,999.0
2019,12,13,0.84,999.0,999.0
2019,12,14,0.82,999.0,999.0
2019,12,15,1.44,999.0,999.0
2019,12,16,1.64,999.0,999.0
2019,12,17,1.8,999.0,999.0
2019,12,18,1.47,999.0,999.0
2019,12,19,0.58,999.0,999.0
2019,12,20,1.1,999.0,999.0
2019,12,21,0.95,999.0,999.0
2019,12,22,1.09,999.0,999.0
2019,12,23,0.78,999.0,999.0
2019,12,24,0.22,999.0,999.0
2019,12,25,0.3,999.0,999.0
2019,12,26,0.54,999.0,999.0
2019,12,27,0.53,999.0,999.0
2019,12,28,0.66,999.0,999.0
2019,12,29,1.41,999.0,999.0
2019,12,30,0.96,999.0,999.0
2019,12,31,0.6,999.0,999.0
2020,1,1,0.88,999.0,999.0
2020,1,2,1.27,999.0,999.0
2020,1,3,1.1,999.0,999.0
2020,1,4,1.24,999.0,999.0
2020,1,5,0.37,999.0,999.0
2020,1,6,0.77,999.0,999.0
2020,1,7,0.99,999.0,999.0
2020,1,8,1.14,999.0,999.0
2020,1,9,1.5,999.0,999.0
2020,1,10,1.48,999.0,999.0
2020,1,11,2.4,999.0,999.0
2020,1,12,0.99,999.0,999.0
2020,1,13,1.07,999.0,999.0
2020,1,14,0.69,999.0,999.0
2020,1,15,0.57,999.0,999.0
2020,1,16,0.56,999.0,999.0
2020,1,17,1.3,999.0,999.0
2020,1,18,1.34,999.0,999.0
2020,1,19,2.01,999.0,999.0
2020,1,20,1.43,999.0,999.0
2020,1,21,1.1,999.0,999.0
2020,1,22,2.22,999.0,999.0
2020,1,23,2.65,999.0,999.0
2020,1,24,1.2,999.0,999.0
2020,1,25,0.98,999.0,999.0
2020,1,26,1.54,999.0,999.0
2020,1,27,1.15,999.0,999.0
2020,1,28,1.58,999.0,999.0
2020,1,29,1.53,999.0,999.0
2020,1,30,0.92,999.0,999.0
2020,1,31,0.75,999.0,999.0
2020,2,1,0.62,999.0,999.0
2020,2,2,0.68,999.0,999.0
2020,2,3,1.52,999.0,999.0
2020,2,4,2.47,999.0,999.0
2020,2,5,1.62,999.0,999.0
2020,2,6,1.48,999.0,999.0
2020,2,7,1.47,999.0,999.0
2020,2,8,0.96,999.0,999.0
2020,2,9,1.5,999.0,999.0
2020,2,10,1.41,999.0,999.0
2020,2,11,1.05,999.0,999.0
2020,2,12,1.05,999.0,999.0
2020,2,13,1.01,999.0,999.0
2020,2,14,1.28,999.0,999.0
2020,2,15,1.27,999.0,999.0
2020,2,16,1.18,999.0,999.0
2020,2,17,0.6,999.0,999.0
2020,2,18,0.79,999.0,999.0
2020,2,19,1.21,999.0,999.0
2020,2,20,1.63,999.0,999.0
2020,2,21,2.2,999.0,999.0
2020,2,22,0.84,999.0,999.0
2020,2,23,1.07,999.0,999.0
2020,2,24,1.6,999.0,999.0
2020,2,25,1.02,999.0,999.0
2020,2,26,1.67,999.0,999.0
2020,2,27,1.36,999.0,999.0
2020,2,28,0.57,999.0,999.0
2020,2,29,0.54,999.0,999.0
2020,3,1,1.77,999.0,999.0
2020,3,2,1.69,999.0,999.0
2020,3,3,1.22,999.0,999.0
2020,3,4,1.29,999.0,999.0
2020,3,5,1.76,999.0,999.0
2020,3,6,1.26,999.0,999.0
2020,3,7,1.49,999.0,999.0
2020,3,8,1.09,999.0,999.0
2020,3,9,1.31,999.0,999.0
2020,3,10,1.02,999.0,999.0
2020,3,11,0.92,999.0,999.0
2020,3,12,0.72,999.0,999.0
2020,3,13,0.62,999.0,999.0
2020,3,14,0.85,999.0,999.0
2020,3,15,1.02,999.0,999.0
2020,3,16,0.75,999.0,999.0
2020,3,17,0.7,999.0,999.0
2020,3,18,0.74,999.0,999.0
2020,3,19,1.1,999.0,999.0
2020,3,20,1.21,999.0,999.0
2020,3,21,1.33,999.0,999.0
2020,3,22,1.43,999.0,999.0
2020,3,23,0.85,999.0,999.0
2020,3,24,1.09,999.0,999.0
2020,3,25,0.83,999.0,999.0
2020,3,26,0.86,999.0,999.0
2020,3,27,1.52,999.0,999.0
2020,3,28,1.57,24.0,23.3
2020,3,29,1.57,22.6,22.3
2020,3,30,1.09,23.1,22.3
2020,3,31,1.08,21.3,23.3
2020,4,1,1.26,18.9,999.0
2020,4,2,1.52,21.8,22.2
2020,4,3,1.53,22.1,22.2
2020,4,4,1.25,19.1,22.0
2020,4,5,1.59,20.3,22.0
2020,4,6,1.21,21.7,22.0
2020,4,7,0.9,22.5,22.4
2020,4,8,0.63,24.7,23.7
2020,4,9,0.74,24.1,24.3
2020,4,10,1.42,20.6,23.0
2020,4,11,1.43,22.8,22.8
2020,4,12,1.56,26.7,23.4
2020,4,13,1.64,18.6,23.0
2020,4,14,1.35,15.4,22.7
2020,4,15,1.72,14.8,21.9
2020,4,16,1.19,19.0,21.6
2020,4,17,1.28,21.5,21.7
2020,4,18,0.92,21.7,22.0
2020,4,19,1.32,23.8,22.3
2020,4,20,1.2,23.5,22.2
2020,4,21,0.85,22.3,22.3
2020,4,22,1.4,23.7,22.9
2020,4,23,1.48,24.0,23.1
2020,4,24,0.93,25.8,24.3
2020,4,25,1.04,23.9,23.5
2020,4,26,1.04,21.8,23.6
2020,4,27,1.26,23.5,23.7
2020,4,28,1.4,23.8,23.6
2020,4,29,1.93,19.5,23.6
2020,4,30,0.89,24.5,23.6
2020,5,1,0.68,23.5,23.8
2020,5,2,1.17,23.7,23.1
2020,5,3,1.25,24.0,23.5
2020,5,4,0.92,24.0,23.9
2020,5,5,1.07,24.5,24.4
2020,5,6,1.39,21.7,24.7
2020,5,7,1.21,24.3,24.6
2020,5,8,2.2,24.8,24.3
2020,5,9,1.8,19.9,24.2
2020,5,10,1.32,19.8,23.9
2020,5,11,0.9,22.6,23.7
2020,5,12,1.09,24.5,24.1
2020,5,13,1.28,24.2,23.7
2020,5,14,1.3,24.3,23.8
2020,5,15,1.74,22.6,24.4
2020,5,16,1.78,24.5,24.1
2020,5,17,1.07,24.5,24.1
2020,5,18,0.66,25.8,24.7
2020,5,19,0.66,26.1,25.9
2020,5,20,1.17,26.0,25.9
2020,5,21,1.14,26.1,26.2
2020,5,22,1.31,26.9,26.6
2020,5,23,1.25,26.9,26.7
2020,5,24,1.37,26.8,26.9
2020,5,25,1.42,22.3,26.8
2020,5,26,1.26,23.7,27.0
2020,5,27,1.32,20.2,27.2
2020,5,28,1.15,22.7,27.0
2020,5,29,0.77,26.3,27.0
2020,5,30,0.88,26.4,27.2
2020,5,31,0.64,26.6,27.4
2020,6,1,0.7,26.4,27.0
2020,6,2,0.8,27.4,27.5
2020,6,3,0.8,27.5,27.6
2020,6,4,0.72,27.1,27.4
2020,6,5,0.77,27.6,28.1
2020,6,6,1.24,30.0,29.5
2020,6,7,1.99,27.9,28.7
2020,6,8,1.2,27.5,29.0
2020,6,9,1.53,28.3,29.1
2020,6,10,1.27,27.9,29.2
2020,6,11,1.05,27.7,28.4
2020,6,12,1.5,26.7,28.3
2020,6,13,1.08,28.0,28.4
2020,6,14,0.51,27.4,27.8
2020,6,15,0.78,27.9,28.6
2020,6,16,0.79,27.6,28.7
2020,6,17,0.55,28.1,29.6
2020,6,18,0.68,27.8,29.0
2020,6,19,0.84,28.1,29.2
2020,6,20,0.97,27.8,28.8
2020,6,21,1.18,26.8,28.7
2020,6,22,1.7,27.9,28.6
2020,6,23,1.41,26.4,28.6
2020,6,24,1.5,26.7,28.4
2020,6,25,1.87,27.2,28.1
2020,6,26,1.37,28.1,27.9
2020,6,27,1.05,28.0,28.0
2020,6,28,1.28,28.6,28.5
2020,6,29,1.54,28.5,28.0
2020,6,30,1.64,28.5,28.3
2020,7,1,1.4,28.6,28.6
2020,7,2,1.15,28.6,28.7
2020,7,3,0.82,28.4,28.9
2020,7,4,0.62,26.1,29.5
2020,7,5,0.84,29.0,29.5
2020,7,6,1.15,29.1,29.2
2020,7,7,1.16,29.1,28.7
2020,7,8,1.02,29.4,29.2
2020,7,10,0.71,30.0,29.6
2020,7,11,0.79,29.0,29.3
2020,7,12,0.68,29.3,28.9
2020,7,13,0.92,28.6,28.7
2020,7,14,1.0,28.6,28.2
2020,7,15,1.06,28.8,27.5
2020,7,16,0.86,29.1,28.7
2020,7,17,0.77,23.7,29.0
2020,7,18,0.73,28.6,29.1
2020,7,19,0.82,29.4,29.5
2020,7,20,1.32,28.3,29.4
2020,7,21,1.38,27.6,29.4
2020,7,22,0.79,29.0,29.5
2020,7,23,1.11,28.8,29.7
2020,7,24,2.59,28.9,29.7
2020,7,25,3.09,29.5,29.4
2020,7,26,2.75,28.7,29.3
2020,7,27,1.52,28.0,29.2
2020,7,28,1.06,999.0,999.0
2020,7,29,1.18,28.9,29.5
2020,7,30,1.15,28.9,29.2
2020,7,31,1.02,29.3,30.0
2020,8,1,0.98,29.3,29.9
2020,8,2,0.43,28.5,29.5
2020,8,3,0.29,28.4,29.6
2020,8,4,0.5,29.2,29.6
2020,8,5,0.43,29.0,29.8
2020,8,6,0.39,29.3,30.0
2020,8,7,0.31,30.7,31.5
2020,8,8,0.44,29.7,30.5
2020,8,9,0.74,30.2,31.0
2020,8,10,0.79,29.6,30.4
2020,8,11,0.76,29.8,30.7
2020,8,12,0.74,29.8,30.6
2020,8,13,0.69,29.9,30.6
2020,8,14,0.67,30.1,30.5
2020,8,15,0.76,29.9,30.5
2020,8,16,0.58,30.0,30.8
2020,8,17,1.15,28.7,30.5
2020,8,18,0.37,29.7,30.5
2020,8,19,0.31,30.2,30.8
2020,8,20,0.64,29.1,30.4
2020,8,21,0.67,29.2,30.3
2020,8,22,0.47,30.0,30.3
2020,8,23,0.92,30.0,30.5
2020,8,24,1.28,28.5,30.5
2020,8,25,0.91,30.3,30.7
2020,8,26,3.72,29.0,30.3
2020,8,27,3.81,28.8,30.3
2020,8,28,1.57,29.6,30.3
2020,8,29,1.17,29.9,29.7
2020,8,30,0.92,29.9,29.8
2020,8,31,1.34,30.3,30.3
2020,9,1,1.77,30.4,30.4
2020,9,2,1.9,29.9,30.4
2020,9,3,1.45,29.7,30.3
2020,9,4,1.07,29.9,30.3
2020,9,5,0.93,29.5,30.4
2020,9,6,1.07,28.7,30.5
2020,9,7,0.67,29.1,30.6
2020,9,8,0.82,29.6,30.3
2020,9,9,0.96,29.7,30.0
2020,9,10,0.86,29.9,30.1
2020,9,11,0.92,26.8,30.0
2020,9,12,0.8,28.1,30.1
2020,9,13,1.1,28.7,30.0
2020,9,14,1.34,28.5,30.0
2020,9,15,1.16,28.9,29.9
2020,9,16,0.88,28.3,29.8
2020,9,17,0.83,29.1,29.8
2020,9,18,1.38,27.9,29.4
2020,9,19,1.93,25.6,28.9
2021,7,26,0.22,29.8,29.7
2021,7,27,0.47,26.1,29.7
2021,7,28,0.49,26.9,29.9
2021,7,29,0.53,29.3,30.7
2021,7,30,0.59,29.5,30.5
2021,7,31,0.46,29.6,30.8
2021,8,1,0.69,28.2,30.3
2021,8,2,0.83,29.6,30.5
2021,8,3,1.01,27.0,29.8
2021,8,4,0.55,26.1,30.0
2021,8,5,1.0,28.7,29.6
2021,8,6,0.61,29.0,29.6
2021,8,7,0.41,28.6,29.6
2021,8,8,0.89,29.6,30.1
2021,8,9,1.14,29.6,30.2
2021,8,10,1.03,29.6,29.9
2021,8,11,0.83,29.6,30.1
2021,8,12,0.63,29.5,30.5
2021,8,13,0.7,29.6,30.6
2021,8,14,0.44,29.4,30.8
2021,8,15,0.5,28.7,30.6
2021,8,16,0.5,29.2,30.8
2021,8,17,0.7,29.4,30.7
2021,8,18,0.94,30.6,31.3
2021,8,19,1.12,30.3,31.0
2021,8,20,1.14,30.4,31.6
2021,8,21,1.36,29.8,30.9
2021,8,22,1.08,29.8,31.4
2021,8,23,0.66,29.2,31.0
2021,8,24,0.41,29.7,31.3
2021,8,25,0.48,29.8,31.6
2021,8,26,0.39,25.5,999.0
2021,8,27,0.9,29.3,999.0
2021,8,28,0.8,29.5,31.3
2021,8,29,1.04,29.6,999.0
2021,8,30,0.88,31.4,999.0
2021,8,31,1.18,29.9,999.0
2021,9,1,0.92,30.1,999.0
2021,9,2,0.83,30.2,999.0
2021,9,3,0.91,27.9,999.0
2021,9,4,0.69,29.8,999.0
2021,9,5,0.63,29.6,999.0
2021,9,6,0.66,28.9,999.0
2021,9,7,0.37,27.2,999.0
2021,9,8,0.71,27.3,999.0
2021,9,9,0.6,29.9,999.0
2021,9,10,1.05,27.9,999.0
2021,9,11,1.11,27.8,999.0
2021,9,12,1.02,28.1,999.0
2021,9,13,2.31,28.3,999.0
2021,9,14,2.94,24.7,999.0
2021,9,15,1.14,24.0,999.0
2021,9,16,0.95,25.6,999.0
2023,3,26,0.78,20.2,19.8
2023,3,27,0.91,20.4,20.6
2023,3,28,1.08,20.9,20.7
2023,3,29,1.6,16.8,19.7
2023,3,30,1.45,19.5,19.8
2023,3,31,1.54,22.1,20.5
2023,4,1,1.16,21.7,20.6
2023,4,2,0.79,22.9,22.1
2023,4,3,0.91,23.0,22.7
2023,4,4,1.35,23.4,22.6
2023,4,5,1.72,22.6,21.8
2023,4,6,1.71,20.0,21.5
2023,4,7,2.47,20.2,21.5
2023,4,8,1.18,17.3,21.2
2023,4,9,1.03,19.2,21.4
2023,4,10,1.07,19.1,21.6
2023,4,11,1.3,20.1,21.5
2023,4,12,1.23,20.2,21.4
2023,4,13,1.31,21.1,21.6
2023,4,14,0.84,22.8,22.4
2023,4,15,1.03,23.0,22.6
2023,4,16,1.44,21.3,22.5
2023,4,17,0.75,21.8,22.4
2023,4,18,1.5,22.2,22.2
2023,4,19,1.55,22.4,22.1
2023,4,20,1.41,22.9,22.7
2023,4,21,1.73,22.5,22.6
2023,4,22,1.77,21.1,22.7
2023,4,23,1.62,19.3,22.4
2023,4,24,1.94,17.3,22.1
2023,4,25,1.28,20.4,22.2
2023,4,26,1.08,21.9,22.4
2023,4,27,1.53,19.8,22.4
2023,4,28,0.77,22.9,23.4
2023,4,29,1.55,16.7,22.2
2023,4,30,1.16,19.7,22.2
2023,5,1,0.64,22.6,23.3
2023,5,2,0.76,22.7,22.8
2023,5,3,0.65,22.2,23.4
2023,5,4,0.62,23.5,23.9
2023,5,5,0.83,23.6,23.7
2023,5,6,0.96,24.3,23.9
2023,5,7,1.84,24.4,24.6
2023,5,8,1.19,24.4,24.3
2023,5,9,1.41,23.6,24.5
2023,5,10,1.32,24.0,24.4
2023,5,11,1.2,24.3,24.4
2023,5,12,1.29,25.2,25.3
2023,5,13,1.38,24.9,24.7
2023,5,14,1.47,24.9,24.5
2023,5,15,1.06,25.1,25.1
2023,5,16,0.68,25.4,26.0
2023,5,17,0.56,26.7,28.0
2023,5,18,0.35,25.2,27.0
2023,5,19,0.34,26.7,27.8
2023,5,20,0.45,27.0,28.0
2023,5,21,0.71,25.4,27.8
2023,5,22,0.45,24.7,26.7
2023,5,23,0.22,25.5,26.7
2023,5,24,0.25,25.3,27.0
2023,5,25,0.85,25.4,27.1
2023,5,26,0.53,26.0,27.2
2023,5,27,0.46,26.5,27.7
2023,5,28,0.59,26.3,28.3
2023,5,29,0.58,26.3,28.2
2023,5,30,0.59,26.3,27.7
2023,5,31,0.71,25.9,27.6
2023,6,1,0.5,26.3,27.6
2023,6,2,0.42,26.8,28.2
2023,6,3,0.53,26.3,28.2
2023,6,4,1.21,24.4,28.5
2023,6,5,0.51,23.9,28.4
2023,6,6,0.78,25.4,28.3
2023,6,7,0.23,26.6,28.7
2023,6,8,0.4,26.6,28.1
2023,6,9,0.79,25.1,28.7
2023,6,10,0.78,28.3,29.2
2023,6,11,1.58,28.3,28.8
2023,6,12,1.01,28.2,28.9
2023,6,13,1.35,28.3,28.2
2023,6,14,1.68,28.3,28.3
2023,6,15,1.34,28.4,28.2
2023,6,16,1.34,28.5,27.5
2023,6,17,1.23,28.6,28.3
2023,6,18,1.28,28.8,28.3
2023,6,19,1.34,28.7,28.3
2023,6,20,1.37,29.2,28.5
2023,6,21,1.32,29.1,28.6
2023,6,22,1.13,29.4,29.2
2023,6,23,0.9,29.5,29.4
2023,6,24,1.05,29.0,28.7
2023,6,25,1.2,29.0,28.5
2023,6,26,0.9,29.4,28.5
2023,6,27,1.15,28.8,28.1
2023,6,28,0.96,28.9,28.9
2023,6,29,0.66,29.1,29.0
2023,6,30,0.56,29.5,29.7
2023,7,1,0.65,29.6,29.5
2023,7,2,0.88,29.6,29.4
2023,7,3,0.63,29.7,29.6
2023,7,4,0.7,29.7,30.2
2023,7,5,1.04,29.7,29.6
2023,7,6,1.39,27.9,29.9
2023,7,7,1.29,27.5,29.4
2023,7,8,0.93,28.0,29.4
2023,7,9,1.02,29.3,29.8
2023,7,10,1.03,29.7,30.0
2023,7,11,1.0,29.5,29.6
2023,7,12,1.26,29.4,29.4
2023,7,13,1.3,29.3,29.5
2023,7,14,1.21,29.2,29.3
2023,7,15,1.11,29.1,29.2
2023,7,16,0.95,28.8,29.1
2023,7,17,0.88,28.9,29.0
2023,7,18,0.71,29.0,29.0
2023,7,19,0.87,29.1,29.0
2023,7,20,0.7,29.1,29.1
2023,7,21,0.71,29.3,29.2
2023,7,22,0.54,29.4,29.4
2023,7,23,0.81,26.4,29.5
2023,7,24,0.42,30.3,31.1
2023,7,25,0.56,29.8,30.2
2023,7,26,0.69,29.5,30.3
2023,7,27,0.62,30.0,30.3
2023,7,28,0.4,29.9,30.4
2023,7,29,0.51,29.9,30.6
2023,7,30,0.41,29.9,30.5
2023,7,31,0.53,29.8,30.6
2023,8,1,0.34,30.7,31.3
2023,8,2,0.3,30.2,30.5
2023,8,3,0.63,30.2,30.8
2023,8,4,0.72,30.3,30.8
2023,8,5,0.78,30.1,30.7
2023,8,6,0.86,30.2,30.7
2023,8,7,1.01,30.4,30.6
2023,8,8,1.01,30.4,30.8
2023,8,9,1.28,30.3,30.8
2023,8,10,1.53,30.4,30.7
2023,8,11,1.22,30.3,30.5
2023,8,12,1.16,30.3,30.4
2023,8,13,0.98,30.2,30.4
2023,8,14,0.93,30.1,30.1
2023,8,15,0.8,30.2,30.2
2023,8,16,1.35,29.0,30.1
2023,8,17,0.53,29.5,30.5
2023,8,18,0.74,29.5,30.5
2023,8,19,0.62,29.6,30.5
2023,8,20,0.53,30.0,30.7
2023,8,21,1.41,31.5,30.7
2023,8,22,2.53,30.7,30.6
2023,8,23,1.51,30.8,30.9
2023,8,24,0.74,31.4,32.1
2023,8,25,0.51,31.1,31.6
2023,8,26,0.51,30.5,31.3
2023,8,27,0.81,28.9,31.2
2023,8,28,1.15,28.8,31.2
2023,8,29,0.8,28.2,31.2
2023,8,30,0.99,28.9,31.0
2023,8,31,0.87,31.3,31.0
2023,9,1,0.6,30.5,31.2
2023,9,2,0.66,27.9,30.8
2023,9,3,0.73,29.8,30.8
2023,9,4,0.84,30.4,30.9
2023,9,5,1.17,30.2,30.9
2023,9,6,0.85,30.4,31.1
2023,9,7,0.6,30.3,31.1
2023,9,8,0.82,29.0,31.4
2023,9,9,0.95,26.3,30.9
2023,9,10,1.09,28.5,30.8
2023,9,11,0.62,29.3,30.6
2023,9,12,0.49,29.6,30.6
2023,9,13,0.5,29.5,30.6
2023,9,14,0.74,27.7,30.7
2023,9,15,0.62,26.1,30.3
2023,9,16,0.46,26.5,30.6
2023,9,17,0.68,28.6,30.3
2023,9,18,0.47,29.6,30.3
2023,9,19,0.45,29.1,30.5
2023,9,20,1.16,29.4,30.3
2023,9,21,0.96,29.5,30.1
2023,9,22,0.64,29.8,30.1
2023,9,23,0.56,29.3,30.4
2023,9,24,0.82,29.2,30.3
2023,9,25,0.92,29.3,29.8
2023,9,26,0.65,27.7,29.7
2023,9,27,0.39,29.0,29.9
2023,9,28,0.7,29.2,30.3
2023,9,29,1.33,28.6,30.1
2023,9,30,1.3,29.1,30.0
2023,10,1,1.62,29.7,29.8
2023,10,2,1.55,28.8,29.4
2023,10,3,2.08,28.8,29.4
2023,10,4,1.86,28.4,29.1
2023,10,5,1.47,28.9,29.0
2023,10,6,1.07,25.0,28.6
2023,10,7,1.59,25.7,28.2
2023,10,8,1.35,21.5,27.6
2023,10,9,0.65,21.2,27.2
2023,10,10,0.39,25.2,26.9
2023,10,11,2.09,21.7,26.6
2023,10,12,1.88,21.2,26.4
2023,10,13,0.82,23.4,26.3
2023,10,14,1.18,21.9,26.2
2023,10,15,1.3,21.3,25.6
2023,10,16,1.47,17.4,25.2
2023,10,17,0.71,19.5,24.9
2023,10,18,0.4,24.0,24.7
2023,10,19,0.99,24.8,24.6
2023,10,20,0.58,23.4,24.6
2023,10,21,0.48,25.2,24.9
2023,10,22,0.65,25.6,25.2
2023,10,23,1.3,25.8,25.1
2023,10,24,1.96,25.8,24.7
2023,10,25,1.44,25.8,24.9
